[cpu] [1/5] pid=686511 name=인텔 코어2쿼드 Q6600 (켄츠필드) -> 성공(9개 항목)
[cpu] [2/5] pid=1132682 name=인텔 코어i5-1세대 760 (린필드) -> 성공(11개 항목)
[cpu] [3/5] pid=1290175 name=인텔 코어i5-2세대 2500 (샌디브릿지) -> 성공(13개 항목)
[cpu] [4/5] pid=1376125 name=인텔 코어i3-2세대 2100 (샌디브릿지) -> 성공(13개 항목)
[cpu] [5/5] pid=1376231 name=인텔 코어i7-2세대 2600K (샌디브릿지) -> 성공(14개 항목)
[cpu] [1/207] pid=1512435 name=인텔 셀러론 G530 (샌디브릿지) -> 성공(12개 항목)
[cpu] [2/207] pid=1678802 name=인텔 코어i7-3세대 3770 (아이비브릿지) -> 성공(14개 항목)
[cpu] [3/207] pid=1678803 name=인텔 코어i7-3세대 3770K (아이비브릿지) -> 성공(14개 항목)
[cpu] [4/207] pid=1705460 name=인텔 셀러론 G540 (샌디브릿지) -> 성공(12개 항목)
[cpu] [5/207] pid=1720040 name=인텔 코어i5-3세대 3570 (아이비브릿지) -> 성공(13개 항목)
[cpu] [6/207] pid=1780774 name=인텔 코어i3-3세대 3220 (아이비브릿지) -> 성공(13개 항목)
[cpu] [7/207] pid=2081212 name=인텔 코어i5-4세대 4670 (하스웰) -> 성공(13개 항목)
[cpu] [8/207] pid=2081215 name=인텔 코어i5-4세대 4570 (하스웰) -> 성공(13개 항목)
[cpu] [9/207] pid=2081225 name=인텔 코어i7-4세대 4770 (하스웰) -> 성공(14개 항목)
[cpu] [10/207] pid=2081228 name=인텔 코어i7-4세대 4770K (하스웰) -> 성공(14개 항목)
[cpu] [11/207] pid=2216194 name=인텔 코어i5-4세대 4440 (하스웰) -> 성공(13개 항목)
[cpu] [12/207] pid=2216200 name=인텔 펜티엄 G3420 (하스웰) -> 성공(12개 항목)
[cpu] [13/207] pid=2216333 name=인텔 코어i3-4세대 4130 (하스웰) -> 성공(13개 항목)
[cpu] [14/207] pid=2669666 name=인텔 셀러론 G1840 (하스웰 리프레시) -> 성공(12개 항목)
[cpu] [15/207] pid=2691212 name=인텔 코어i5-4세대 4690 (하스웰 리프레시) -> 성공(13개 항목)
[cpu] [16/207] pid=2691725 name=인텔 코어i5-4세대 4460 (하스웰 리프레시) -> 성공(13개 항목)
[cpu] [17/207] pid=2783185 name=인텔 셀러론 G1850 (하스웰 리프레시) -> 성공(12개 항목)
[cpu] [18/207] pid=2783200 name=인텔 펜티엄 G3460 (하스웰 리프레시) -> 성공(12개 항목)
[cpu] [19/207] pid=2783204 name=인텔 코어i3-4세대 4160 (하스웰 리프레시) -> 성공(12개 항목)
[cpu] [20/207] pid=2783216 name=인텔 코어i5-4세대 4590 (하스웰 리프레시) -> 성공(13개 항목)
[cpu] [21/207] pid=2783223 name=인텔 코어i7-4세대 4790 (하스웰 리프레시) -> 성공(14개 항목)
[cpu] [22/207] pid=3116506 name=인텔 코어i3-4세대 4170 (하스웰 리프레시) -> 성공(13개 항목)
[cpu] [23/207] pid=3169328 name=인텔 펜티엄 G3260 (하스웰 리프레시) -> 성공(12개 항목)
[cpu] [24/207] pid=3412420 name=인텔 코어i5-6세대 6500 (스카이레이크) -> 성공(14개 항목)
[cpu] [25/207] pid=3412423 name=인텔 코어i5-6세대 6600 (스카이레이크) -> 성공(14개 항목)
[cpu] [26/207] pid=3412425 name=인텔 코어i7-6세대 6700 (스카이레이크) -> 성공(14개 항목)
[cpu] [27/207] pid=3441763 name=인텔 코어i5-6세대 6400 (스카이레이크) -> 성공(14개 항목)
[cpu] [28/207] pid=3444847 name=인텔 코어i7-6세대 6700K (스카이레이크) -> 성공(14개 항목)
[cpu] [29/207] pid=3471458 name=인텔 코어i3-6세대 6100 (스카이레이크) -> 성공(13개 항목)
[cpu] [30/207] pid=3493026 name=인텔 펜티엄 G4400 (스카이레이크) -> 성공(13개 항목)
[cpu] [31/207] pid=3493041 name=인텔 코어i5-6세대 6600K (스카이레이크) -> 성공(14개 항목)
[cpu] [32/207] pid=3493081 name=인텔 코어i3-6세대 6320 (스카이레이크) -> 성공(13개 항목)
[cpu] [33/207] pid=4033502 name=인텔 셀러론 G3900 (스카이레이크) -> 성공(12개 항목)
[cpu] [34/207] pid=4820379 name=인텔 코어i5-7세대 7600 (카비레이크) -> 성공(13개 항목)
[cpu] [35/207] pid=4820435 name=인텔 코어i7-7세대 7700K (카비레이크) -> 성공(14개 항목)
[cpu] [36/207] pid=4866397 name=인텔 펜티엄 G4560 (카비레이크) -> 성공(13개 항목)
[cpu] [37/207] pid=4866420 name=인텔 코어i7-7세대 7700 (카비레이크) -> 성공(14개 항목)
[cpu] [38/207] pid=4866526 name=인텔 코어i5-7세대 7500 (카비레이크) -> 성공(13개 항목)
[cpu] [39/207] pid=4880955 name=인텔 코어i3-7세대 7100 (카비레이크) -> 성공(13개 항목)
[cpu] [40/207] pid=4881012 name=인텔 코어i5-7세대 7400 (카비레이크) -> 성공(13개 항목)
[cpu] [41/207] pid=4881161 name=인텔 셀러론 G3930 (카비레이크) -> 성공(12개 항목)
[cpu] [42/207] pid=4954420 name=인텔 코어i3-4세대 4150 (하스웰 리프레시) -> 성공(12개 항목)
[cpu] [43/207] pid=5221419 name=인텔 펜티엄 G4600 (카비레이크) -> 성공(13개 항목)
[cpu] [44/207] pid=5221454 name=인텔 코어i3-7세대 7320 (카비레이크) -> 성공(13개 항목)
[cpu] [45/207] pid=5530356 name=인텔 코어i5-8세대 8400 (커피레이크) -> 성공(14개 항목)
[cpu] [46/207] pid=5569026 name=인텔 코어i3-8세대 8100 (커피레이크) -> 성공(13개 항목)
[cpu] [47/207] pid=5614286 name=인텔 코어i5-8세대 8600K (커피레이크) -> 성공(14개 항목)
[cpu] [48/207] pid=5623267 name=인텔 코어i7-8세대 8700K (커피레이크) -> 성공(14개 항목)
[cpu] [49/207] pid=5627136 name=인텔 코어i7-8세대 8700 (커피레이크) -> 성공(14개 항목)
[cpu] [50/207] pid=5950796 name=인텔 코어i5-8세대 8500 (커피레이크) -> 성공(14개 항목)
[cpu] [51/207] pid=6060229 name=인텔 펜티엄 골드 G5400 (커피레이크) -> 성공(13개 항목)
[cpu] [52/207] pid=6060282 name=인텔 셀러론 G4900 (커피레이크) -> 성공(12개 항목)
[cpu] [53/207] pid=6069606 name=인텔 코어i5-8세대 8600 (커피레이크) -> 성공(14개 항목)
[cpu] [54/207] pid=6112933 name=인텔 펜티엄 G3220 (하스웰) -> 성공(11개 항목)
[cpu] [55/207] pid=6515580 name=인텔 코어i9-9세대 9900K (커피레이크-R) -> 성공(15개 항목)
[cpu] [56/207] pid=6581257 name=인텔 코어i7-9세대 9700K (커피레이크-R) -> 성공(14개 항목)
[cpu] [57/207] pid=6705214 name=인텔 코어i5-9세대 9600K (커피레이크-R) -> 성공(14개 항목)
[cpu] [58/207] pid=6746998 name=인텔 코어X-시리즈 i7-9800X (스카이레이크) -> 성공(13개 항목)
[cpu] [59/207] pid=6929425 name=인텔 코어X-시리즈 i9-9940X (스카이레이크) -> 성공(13개 항목)
[cpu] [60/207] pid=7097413 name=인텔 코어i5-9세대 9400F (커피레이크-R) -> 성공(13개 항목)
[cpu] [61/207] pid=7517686 name=인텔 코어i7-9세대 9700KF (커피레이크-R) -> 성공(14개 항목)
[cpu] [62/207] pid=7559767 name=인텔 코어i9-9세대 9900KF (커피레이크-R) -> 성공(14개 항목)
[cpu] [63/207] pid=7565248 name=인텔 코어i5-9세대 9600KF (커피레이크-R) -> 성공(14개 항목)
[cpu] [64/207] pid=7914736 name=인텔 코어i3-9세대 9100F (커피레이크-R) -> 성공(14개 항목)
[cpu] [65/207] pid=8351067 name=인텔 코어i5-9세대 9500F (커피레이크-R) -> 성공(13개 항목)
[cpu] [66/207] pid=8372031 name=인텔 코어i7-9세대 9700F (커피레이크-R) -> 성공(13개 항목)
[cpu] [67/207] pid=8650784 name=인텔 코어i7-9세대 9700 (커피레이크-R) -> 성공(14개 항목)
[cpu] [68/207] pid=9642015 name=인텔 셀러론 G4930 (커피레이크-R) -> 성공(13개 항목)
[cpu] [69/207] pid=10535205 name=인텔 펜티엄 골드 G5420 (커피레이크-R) -> 성공(13개 항목)
[cpu] [70/207] pid=10728462 name=인텔 코어i5-9세대 9500 (커피레이크-R) -> 성공(14개 항목)
[cpu] [71/207] pid=10864506 name=인텔 코어i3-9세대 9100 (커피레이크-R) -> 성공(15개 항목)
[cpu] [72/207] pid=11016699 name=인텔 코어i5-9세대 9400 (커피레이크-R) -> 성공(14개 항목)
[cpu] [73/207] pid=11021298 name=인텔 코어X-시리즈 i9-10900X (캐스케이드레이크) -> 성공(14개 항목)
[cpu] [74/207] pid=11350773 name=인텔 코어X-시리즈 i9-10920X (캐스케이드레이크) -> 성공(14개 항목)
[cpu] [75/207] pid=11405337 name=인텔 코어i3-10세대 10100 (코멧레이크S) -> 성공(16개 항목)
[cpu] [76/207] pid=11479776 name=인텔 코어i7-10세대 10700K (코멧레이크S) -> 성공(15개 항목)
[cpu] [77/207] pid=11480010 name=인텔 코어i5-10세대 10400 (코멧레이크S) -> 성공(15개 항목)
[cpu] [78/207] pid=11480157 name=인텔 셀러론 G5900 (코멧레이크S) -> 성공(14개 항목)
[cpu] [79/207] pid=11480307 name=인텔 펜티엄 골드 G6400 (코멧레이크S) -> 성공(14개 항목)
[cpu] [80/207] pid=11480766 name=인텔 코어i5-10세대 10500 (코멧레이크S) -> 성공(15개 항목)
[cpu] [81/207] pid=11481624 name=인텔 코어i7-10세대 10700 (코멧레이크S) -> 성공(15개 항목)
[cpu] [82/207] pid=11481858 name=인텔 코어i5-10세대 10600K (코멧레이크S) -> 성공(15개 항목)
[cpu] [83/207] pid=11489973 name=인텔 코어i5-10세대 10400F (코멧레이크S) -> 성공(15개 항목)
[cpu] [84/207] pid=11824861 name=인텔 코어i7-10세대 10700F (코멧레이크S) -> 성공(14개 항목)
[cpu] [85/207] pid=11870941 name=인텔 코어i9-10세대 10900 (코멧레이크S) -> 성공(15개 항목)
[cpu] [86/207] pid=12110078 name=인텔 코어i7-10세대 10700KF (코멧레이크S) -> 성공(14개 항목)
[cpu] [87/207] pid=12110750 name=인텔 코어i5-10세대 10600KF (코멧레이크S) -> 성공(14개 항목)
[cpu] [88/207] pid=12122969 name=인텔 셀러론 G5905 (코멧레이크S) -> 성공(15개 항목)
[cpu] [89/207] pid=12309857 name=인텔 코어i9-10세대 10900K (코멧레이크S) -> 성공(15개 항목)
[cpu] [90/207] pid=12387029 name=인텔 셀러론 G5925 (코멧레이크S) -> 성공(15개 항목)
[cpu] [91/207] pid=12487424 name=인텔 코어i3-10세대 10100F (코멧레이크S) -> 성공(15개 항목)
[cpu] [92/207] pid=13540112 name=인텔 코어X-시리즈 i9-10980XE Extreme Edition (캐스케이드레이크) -> 성공(14개 항목)
[cpu] [93/207] pid=13619939 name=인텔 코어i5-11세대 11600K (로켓레이크S) -> 성공(16개 항목)
[cpu] [94/207] pid=13620101 name=인텔 펜티엄 골드 G6405 (코멧레이크S 리프레시) -> 성공(15개 항목)
[cpu] [95/207] pid=13753334 name=인텔 코어i3-10세대 10105F (코멧레이크S 리프레시) -> 성공(15개 항목)
[cpu] [96/207] pid=13753481 name=인텔 코어i7-11세대 11700F (로켓레이크S) -> 성공(15개 항목)
[cpu] [97/207] pid=13809185 name=인텔 코어i5-11세대 11400 (로켓레이크S) -> 성공(15개 항목)
[cpu] [98/207] pid=13809269 name=인텔 코어i5-11세대 11500 (로켓레이크S) -> 성공(15개 항목)
[cpu] [99/207] pid=13824422 name=인텔 코어i5-11세대 11400F (로켓레이크S) -> 성공(14개 항목)
[cpu] [100/207] pid=13824704 name=인텔 코어i7-11세대 11700 (로켓레이크S) -> 성공(15개 항목)
[cpu] [101/207] pid=13825037 name=인텔 코어i7-11세대 11700K (로켓레이크S) -> 성공(15개 항목)
[cpu] [102/207] pid=13825121 name=인텔 코어i7-11세대 11700KF (로켓레이크S) -> 성공(14개 항목)
[cpu] [103/207] pid=13825319 name=인텔 코어i9-11세대 11900F (로켓레이크S) -> 성공(14개 항목)
[cpu] [104/207] pid=13825493 name=인텔 코어i9-11세대 11900 (로켓레이크S) -> 성공(15개 항목)
[cpu] [105/207] pid=14409386 name=인텔 코어i3-10세대 10105 (코멧레이크S 리프레시) -> 성공(16개 항목)
[cpu] [106/207] pid=15594638 name=인텔 코어i7-12세대 12700K (엘더레이크) -> 성공(19개 항목)
[cpu] [107/207] pid=15594701 name=인텔 코어i7-12세대 12700KF (엘더레이크) -> 성공(18개 항목)
[cpu] [108/207] pid=15594887 name=인텔 코어i9-12세대 12900K (엘더레이크) -> 성공(19개 항목)
[cpu] [109/207] pid=15752510 name=인텔 코어i5-12세대 12600K (엘더레이크) -> 성공(17개 항목)
[cpu] [110/207] pid=15752597 name=인텔 코어i5-12세대 12600KF (엘더레이크) -> 성공(16개 항목)
[cpu] [111/207] pid=16101083 name=인텔 코어i3-12세대 12100 (엘더레이크) -> 성공(19개 항목)
[cpu] [112/207] pid=16101179 name=인텔 코어i3-12세대 12100F (엘더레이크) -> 성공(18개 항목)
[cpu] [113/207] pid=16101326 name=인텔 코어i5-12세대 12400 (엘더레이크) -> 성공(19개 항목)
[cpu] [114/207] pid=16101353 name=인텔 코어i5-12세대 12400F (엘더레이크) -> 성공(18개 항목)
[cpu] [115/207] pid=16101464 name=인텔 코어i7-12세대 12700F (엘더레이크) -> 성공(18개 항목)
[cpu] [116/207] pid=16101545 name=인텔 코어i9-12세대 12900 (엘더레이크) -> 성공(17개 항목)
[cpu] [117/207] pid=16140809 name=인텔 코어i7-12세대 12700 (엘더레이크) -> 성공(19개 항목)
[cpu] [118/207] pid=16156169 name=인텔 코어i5-12세대 12600 (엘더레이크) -> 성공(16개 항목)
[cpu] [119/207] pid=16209680 name=인텔 셀러론 G6900 (엘더레이크) -> 성공(15개 항목)
[cpu] [120/207] pid=16232900 name=인텔 코어i5-12세대 12500 (엘더레이크) -> 성공(16개 항목)
[cpu] [121/207] pid=16233314 name=인텔 코어i9-12세대 12900F (엘더레이크) -> 성공(15개 항목)
[cpu] [122/207] pid=16393682 name=인텔 코어i3-12세대 12100T (엘더레이크) -> 성공(16개 항목)
[cpu] [123/207] pid=16504412 name=인텔 펜티엄 골드 G7400 (엘더레이크) -> 성공(15개 항목)
[cpu] [124/207] pid=16797257 name=인텔 코어i9-12세대 12900KF (엘더레이크) -> 성공(15개 항목)
[cpu] [125/207] pid=18039512 name=인텔 코어i9-13세대 13900KF (랩터레이크) -> 성공(18개 항목)
[cpu] [126/207] pid=18169127 name=인텔 코어i5-13세대 13600K (랩터레이크) -> 성공(16개 항목)
[cpu] [127/207] pid=18169253 name=인텔 코어i5-13세대 13600KF (랩터레이크) -> 성공(15개 항목)
[cpu] [128/207] pid=18184013 name=인텔 코어i7-13세대 13700KF (랩터레이크) -> 성공(15개 항목)
[cpu] [129/207] pid=18198152 name=인텔 코어i9-13세대 13900K (랩터레이크) -> 성공(17개 항목)
[cpu] [130/207] pid=18224471 name=인텔 코어i7-13세대 13700K (랩터레이크) -> 성공(17개 항목)
[cpu] [131/207] pid=18640106 name=인텔 코어i3-13세대 13100F (랩터레이크) -> 성공(18개 항목)
[cpu] [132/207] pid=18640205 name=인텔 코어i3-13세대 13100 (랩터레이크) -> 성공(19개 항목)
[cpu] [133/207] pid=18640286 name=인텔 코어i5-13세대 13400 (랩터레이크) -> 성공(19개 항목)
[cpu] [134/207] pid=18640319 name=인텔 코어i5-13세대 13500 (랩터레이크) -> 성공(19개 항목)
[cpu] [135/207] pid=18640442 name=인텔 코어i9-13세대 13900F (랩터레이크) -> 성공(18개 항목)
[cpu] [136/207] pid=18640472 name=인텔 코어i9-13세대 13900 (랩터레이크) -> 성공(19개 항목)
[cpu] [137/207] pid=18702827 name=인텔 코어i5-13세대 13400F (랩터레이크) -> 성공(16개 항목)
[cpu] [138/207] pid=18703634 name=인텔 코어i7-13세대 13700F (랩터레이크) -> 성공(15개 항목)
[cpu] [139/207] pid=18703730 name=인텔 코어i7-13세대 13700 (랩터레이크) -> 성공(16개 항목)
[cpu] [140/207] pid=18978728 name=인텔 코어i9-12세대 12900KS (엘더레이크) -> 성공(17개 항목)
[cpu] [141/207] pid=28798964 name=인텔 코어i9-14세대 14900K (랩터레이크 리프레시) -> 성공(19개 항목)
[cpu] [142/207] pid=28799180 name=인텔 코어i9-14세대 14900KF (랩터레이크 리프레시) -> 성공(18개 항목)
[cpu] [143/207] pid=28799498 name=인텔 코어i7-14세대 14700KF (랩터레이크 리프레시) -> 성공(18개 항목)
[cpu] [144/207] pid=28799654 name=인텔 코어i5-14세대 14600K (랩터레이크 리프레시) -> 성공(19개 항목)
[cpu] [145/207] pid=28884227 name=인텔 코어i5-14세대 14600KF (랩터레이크 리프레시) -> 성공(15개 항목)
[cpu] [146/207] pid=28920827 name=인텔 코어i7-14세대 14700K (랩터레이크 리프레시) -> 성공(16개 항목)
[cpu] [147/207] pid=32037701 name=인텔 코어i9-14세대 14900F (랩터레이크 리프레시) -> 성공(18개 항목)
[cpu] [148/207] pid=32037824 name=인텔 코어i9-14세대 14900 (랩터레이크 리프레시) -> 성공(18개 항목)
[cpu] [149/207] pid=32038001 name=인텔 코어i7-14세대 14700 (랩터레이크 리프레시) -> 성공(19개 항목)
[cpu] [150/207] pid=32038256 name=인텔 코어i5-14세대 14500 (랩터레이크 리프레시) -> 성공(19개 항목)
[cpu] [151/207] pid=32038580 name=인텔 코어i5-14세대 14400 (랩터레이크 리프레시) -> 성공(19개 항목)
[cpu] [152/207] pid=32038820 name=인텔 코어i3-14세대 14100 (랩터레이크 리프레시) -> 성공(19개 항목)
[cpu] [153/207] pid=32038895 name=인텔 코어i3-14세대 14100F (랩터레이크 리프레시) -> 성공(18개 항목)
[cpu] [154/207] pid=32039399 name=인텔 프로세서 300 (랩터레이크 리프레시) -> 성공(15개 항목)
[cpu] [155/207] pid=32102672 name=인텔 코어i3-14세대 14100F (랩터레이크 리프레시) -> 성공(16개 항목)
[cpu] [156/207] pid=32102738 name=인텔 코어i3-14세대 14100 (랩터레이크 리프레시) -> 성공(17개 항목)
[cpu] [157/207] pid=32102786 name=인텔 코어i5-14세대 14400F (랩터레이크 리프레시) -> 성공(16개 항목)
[cpu] [158/207] pid=32102876 name=인텔 코어i5-14세대 14400 (랩터레이크 리프레시) -> 성공(17개 항목)
[cpu] [159/207] pid=32102927 name=인텔 코어i5-14세대 14500 (랩터레이크 리프레시) -> 성공(17개 항목)
[cpu] [160/207] pid=32103143 name=인텔 코어i7-14세대 14700 (랩터레이크 리프레시) -> 성공(16개 항목)
[cpu] [161/207] pid=32103278 name=인텔 코어i9-14세대 14900F (랩터레이크 리프레시) -> 성공(16개 항목)
[cpu] [162/207] pid=32103329 name=인텔 코어i9-14세대 14900 (랩터레이크 리프레시) -> 성공(16개 항목)
[cpu] [163/207] pid=32156936 name=인텔 코어i7-14세대 14700F (랩터레이크 리프레시) -> 성공(18개 항목)
[cpu] [164/207] pid=32444732 name=인텔 코어i9-14세대 14900T (랩터레이크 리프레시) -> 성공(16개 항목)
[cpu] [165/207] pid=32457785 name=인텔 코어i7-14세대 14700T (랩터레이크 리프레시) -> 성공(16개 항목)
[cpu] [166/207] pid=32463899 name=인텔 코어i5-14세대 14500T (랩터레이크 리프레시) -> 성공(16개 항목)
[cpu] [167/207] pid=32464280 name=인텔 코어i3-14세대 14100T (랩터레이크 리프레시) -> 성공(16개 항목)
[cpu] [168/207] pid=35230379 name=인텔 코어i7-14세대 14700F (랩터레이크 리프레시) -> 성공(15개 항목)
[cpu] [169/207] pid=38452358 name=인텔 프로세서 300 (랩터레이크 리프레시) -> 성공(13개 항목)
[cpu] [170/207] pid=40895423 name=인텔 코어i9-14세대 14900KS (랩터레이크 리프레시) -> 성공(19개 항목)
[cpu] [171/207] pid=63032399 name=인텔 코어i9-14세대 14900KS (랩터레이크 리프레시) -> 성공(16개 항목)
[cpu] [172/207] pid=69059459 name=인텔 코어 울트라9 시리즈2 285K (애로우레이크) -> 성공(19개 항목)
[cpu] [173/207] pid=69059687 name=인텔 코어 울트라7 시리즈2 265K (애로우레이크) -> 성공(19개 항목)
[cpu] [174/207] pid=69059723 name=인텔 코어 울트라7 시리즈2 265KF (애로우레이크) -> 성공(18개 항목)
[cpu] [175/207] pid=69059753 name=인텔 코어 울트라5 시리즈2 245K (애로우레이크) -> 성공(19개 항목)
[cpu] [176/207] pid=69059771 name=인텔 코어 울트라5 시리즈2 245KF (애로우레이크) -> 성공(18개 항목)
[cpu] [177/207] pid=71161073 name=인텔 코어 울트라9 시리즈2 285K (애로우레이크) -> 성공(16개 항목)
[cpu] [178/207] pid=71161142 name=인텔 코어 울트라7 시리즈2 265K (애로우레이크) -> 성공(16개 항목)
[cpu] [179/207] pid=71161169 name=인텔 코어 울트라7 시리즈2 265KF (애로우레이크) -> 성공(15개 항목)
[cpu] [180/207] pid=71161229 name=인텔 코어 울트라5 시리즈2 245K (애로우레이크) -> 성공(16개 항목)
[cpu] [181/207] pid=71161580 name=인텔 코어 울트라5 시리즈2 245KF (애로우레이크) -> 성공(15개 항목)
[cpu] [182/207] pid=74122559 name=인텔 코어 울트라9 시리즈2 285 (애로우레이크) -> 성공(19개 항목)
[cpu] [183/207] pid=74122937 name=인텔 코어 울트라7 시리즈2 265F (애로우레이크) -> 성공(18개 항목)
[cpu] [184/207] pid=74123036 name=인텔 코어 울트라5 시리즈2 235 (애로우레이크) -> 성공(19개 항목)
[cpu] [185/207] pid=74123111 name=인텔 코어 울트라5 시리즈2 225F (애로우레이크) -> 성공(16개 항목)
[cpu] [186/207] pid=76555634 name=인텔 코어i5-14세대 14400F (랩터레이크 리프레시) -> 성공(17개 항목)
[cpu] [187/207] pid=76555685 name=인텔 코어i5-14세대 14600KF (랩터레이크 리프레시) -> 성공(17개 항목)
[cpu] [188/207] pid=76791428 name=인텔 코어 울트라5 시리즈2 225F (애로우레이크) -> 성공(15개 항목)
[cpu] [189/207] pid=78387125 name=인텔 코어 울트라9 시리즈2 285 (애로우레이크) -> 성공(16개 항목)
[cpu] [190/207] pid=78387320 name=인텔 코어 울트라7 시리즈2 265F (애로우레이크) -> 성공(15개 항목)
[cpu] [191/207] pid=79404794 name=인텔 코어 울트라5 시리즈2 235 (애로우레이크) -> 성공(16개 항목)
[cpu] [192/207] pid=93499739 name=인텔 코어 울트라5 시리즈2 225 (애로우레이크) -> 성공(16개 항목)
[cpu] [193/207] pid=93500243 name=인텔 코어 울트라5 시리즈2 245 (애로우레이크) -> 성공(16개 항목)
[cpu] [194/207] pid=96583643 name=인텔 코어 울트라9 시리즈2 285T (애로우레이크) -> 성공(16개 항목)
[cpu] [195/207] pid=96583772 name=인텔 코어 울트라7 시리즈2 265 (애로우레이크) -> 성공(16개 항목)
[cpu] [196/207] pid=96583820 name=인텔 코어 울트라7 시리즈2 265 (애로우레이크) -> 성공(16개 항목)
[cpu] [197/207] pid=96584015 name=인텔 코어 울트라7 시리즈2 265T (애로우레이크) -> 성공(15개 항목)
[cpu] [198/207] pid=96584405 name=인텔 코어 울트라5 시리즈2 235T (애로우레이크) -> 성공(16개 항목)
[cpu] [199/207] pid=96584438 name=인텔 코어 울트라5 시리즈2 225T (애로우레이크) -> 성공(16개 항목)
[cpu] [200/207] pid=103125350 name=인텔 코어i5-13세대 13600 (랩터레이크) -> 성공(16개 항목)
[cpu] [201/207] pid=108424286 name=인텔 코어 울트라7 시리즈2 270K Plus (애로우레이크 리프레시) -> 성공(16개 항목)
[cpu] [202/207] pid=108424451 name=인텔 코어 울트라5 시리즈2 250K Plus (애로우레이크 리프레시) -> 성공(16개 항목)
[cpu] [203/207] pid=108424457 name=인텔 코어 울트라5 시리즈2 250KF Plus (애로우레이크 리프레시) -> 성공(15개 항목)
[cpu] [204/207] pid=108463445 name=인텔 코어 울트라7 시리즈2 270K Plus (애로우레이크 리프레시) -> 성공(16개 항목)
[cpu] [205/207] pid=108463448 name=인텔 코어 울트라5 시리즈2 250KF Plus (애로우레이크 리프레시) -> 성공(15개 항목)
[cpu] [206/207] pid=108463454 name=인텔 코어 울트라5 시리즈2 250K Plus (애로우레이크 리프레시) -> 성공(16개 항목)
[cpu] [207/207] pid=116660895 name=인텔 코어i7-14세대 14100T (랩터레이크 리프레시) -> 성공(10개 항목)
[ram] [1/74] pid=1228209 name=삼성전자 DDR3-1333 방열판 -> 성공(9개 항목)
[ram] [2/74] pid=1304396 name=삼성전자 DDR3-1600 -> 성공(7개 항목)
[ram] [3/74] pid=1530917 name=삼성전자 DDR3-1600 방열판 -> 성공(8개 항목)
[ram] [4/74] pid=1699045 name=TeamGroup DDR3-1600 Elite -> 성공(8개 항목)
[ram] [5/74] pid=4343051 name=삼성전자 DDR4-2400 -> 성공(5개 항목)
[ram] [6/74] pid=5680228 name=TeamGroup DDR4-2666 Elite -> 성공(8개 항목)
[ram] [7/74] pid=5937666 name=삼성전자 DDR4-2666 -> 성공(5개 항목)
[ram] [8/74] pid=6935872 name=TeamGroup T-Force DDR4-3200 CL16 Delta RGB 패키지 -> 성공(13개 항목)
[ram] [9/74] pid=7320400 name=TeamGroup T-Force DDR4-3200 CL16 Delta RGB 패키지 서린 -> 성공(12개 항목)
[ram] [10/74] pid=7320475 name=TeamGroup T-Force DDR4-3200 CL16 Delta RGB 화이트 패키지 서린 -> 성공(12개 항목)
[ram] [11/74] pid=8714552 name=TeamGroup T-Force DDR4-2666 CL18 T1 GAMING -> 성공(8개 항목)
[ram] [12/74] pid=9268803 name=TeamGroup T-Force DDR4-3000 CL16 Vulcan Z Gray -> 성공(11개 항목)
[ram] [13/74] pid=10188141 name=TeamGroup DDR4-3200 Elite -> 성공(7개 항목)
[ram] [14/74] pid=11380332 name=TeamGroup T-Force DDR4-3600 CL18 Delta RGB 패키지 서린 -> 성공(12개 항목)
[ram] [15/74] pid=11380467 name=TeamGroup T-Force DDR4-3600 CL18 Delta RGB 화이트 패키지 서린 -> 성공(12개 항목)
[ram] [16/74] pid=11462262 name=TeamGroup T-Force DDR4-3200 CL16 XTREEM ARGB 패키지 -> 성공(12개 항목)
[ram] [17/74] pid=11541992 name=삼성전자 DDR4-2933 -> 성공(6개 항목)
[ram] [18/74] pid=11790199 name=삼성전자 DDR4-3200 -> 성공(6개 항목)
[ram] [19/74] pid=11858860 name=TeamGroup T-Force DDR4-3600 CL18 Delta RGB 패키지 -> 성공(13개 항목)
[ram] [20/74] pid=11858869 name=TeamGroup T-Force DDR4-3600 CL18 Delta RGB 화이트 패키지 -> 성공(13개 항목)
[ram] [21/74] pid=12876455 name=TeamGroup T-Force DDR4-3200 CL16-20-20 Delta RGB 패키지 서린 -> 성공(12개 항목)
[ram] [22/74] pid=12876503 name=TeamGroup T-Force DDR4-3200 CL16-20-20 Delta RGB 화이트 패키지 서린 -> 성공(12개 항목)
[ram] [23/74] pid=12958028 name=TeamGroup T-Force DDR4-3200 CL16-20-20 Delta RGB 패키지 -> 성공(13개 항목)
[ram] [24/74] pid=13460960 name=TeamGroup T-Force DDR4-3600 CL18 XTREEM ARGB 화이트 패키지 서린 -> 성공(12개 항목)
[ram] [25/74] pid=13461056 name=TeamGroup T-Force DDR4-4000 CL18 XTREEM ARGB 화이트 패키지 서린 -> 성공(12개 항목)
[ram] [26/74] pid=13981076 name=TeamGroup T-CREATE DDR4-3600 CL18 EXPERT OC10L 패키지 서린 -> 성공(9개 항목)
[ram] [27/74] pid=14907443 name=TeamGroup DDR4-3200 Elite 서린 -> 성공(7개 항목)
[ram] [28/74] pid=15764342 name=삼성전자 DDR5-4800 -> 성공(8개 항목)
[ram] [29/74] pid=16034945 name=TeamGroup T-Force DDR5-6000 CL38 Delta RGB 패키지 서린 -> 성공(14개 항목)
[ram] [30/74] pid=16035029 name=TeamGroup T-Force DDR5-6400 CL40 Delta RGB 패키지 서린 -> 성공(14개 항목)
[ram] [31/74] pid=16443341 name=TeamGroup T-Force DDR5-6000 CL38 Delta RGB 화이트 패키지 서린 -> 성공(14개 항목)
[ram] [32/74] pid=16443404 name=TeamGroup T-Force DDR5-6400 CL40 Delta RGB 화이트 패키지 서린 -> 성공(14개 항목)
[ram] [33/74] pid=17535233 name=TeamGroup DDR5-4800 CL40 Elite 서린 -> 성공(9개 항목)
[ram] [34/74] pid=17535839 name=TeamGroup DDR5-5600 CL46 Elite 서린 -> 성공(9개 항목)
[ram] [35/74] pid=18134786 name=TeamGroup T-Force DDR5-5600 CL32 Delta RGB 패키지 -> 성공(14개 항목)
[ram] [36/74] pid=18134837 name=TeamGroup T-Force DDR5-5600 CL32 Delta RGB 화이트 패키지 서린 -> 성공(14개 항목)
[ram] [37/74] pid=18134999 name=TeamGroup T-Force DDR5-6000 CL30 Delta RGB 패키지 -> 성공(14개 항목)
[ram] [38/74] pid=18135029 name=TeamGroup T-Force DDR5-6000 CL30 Delta RGB 화이트 패키지 -> 성공(14개 항목)
[ram] [39/74] pid=18135167 name=TeamGroup T-Force DDR5-7200 CL34 Delta RGB 패키지 -> 성공(14개 항목)
[ram] [40/74] pid=18135173 name=TeamGroup T-Force DDR5-7200 CL34 Delta RGB 화이트 패키지 -> 성공(14개 항목)
[ram] [41/74] pid=18207182 name=TeamGroup T-Force DDR5-7600 CL36 Delta RGB 패키지 -> 성공(14개 항목)
[ram] [42/74] pid=18497117 name=TeamGroup T-Force DDR5-5600 CL36 Delta RGB 패키지 -> 성공(14개 항목)
[ram] [43/74] pid=18497126 name=TeamGroup T-Force DDR5-5600 CL36 Delta RGB 화이트 패키지 -> 성공(14개 항목)
[ram] [44/74] pid=18767360 name=TeamGroup DDR5-5200 CL42 Elite 서린 -> 성공(8개 항목)
[ram] [45/74] pid=18911780 name=삼성전자 DDR5-5600 -> 성공(7개 항목)
[ram] [46/74] pid=19552202 name=TeamGroup T-Force DDR5-5600 CL36 Delta RGB 패키지 서린 -> 성공(14개 항목)
[ram] [47/74] pid=19552541 name=TeamGroup T-Force DDR5-5600 CL36 Delta RGB 화이트 패키지 서린 -> 성공(14개 항목)
[ram] [48/74] pid=19566122 name=TeamGroup T-CREATE DDR5-5600 CL46 CLASSIC 패키지 서린 -> 성공(10개 항목)
[ram] [49/74] pid=19567433 name=TeamGroup T-CREATE DDR5-6000 CL48 CLASSIC 패키지 서린 -> 성공(10개 항목)
[ram] [50/74] pid=19567934 name=TeamGroup T-CREATE DDR5-6400 CL34 EXPERT 패키지 서린 -> 성공(11개 항목)
[ram] [51/74] pid=20546438 name=TeamGroup T-CREATE DDR5-6000 CL30 EXPERT 패키지 서린 -> 성공(12개 항목)
[ram] [52/74] pid=20546684 name=TeamGroup T-CREATE DDR5-6000 CL30 EXPERT 화이트 패키지 서린 -> 성공(12개 항목)
[ram] [53/74] pid=20547080 name=TeamGroup T-CREATE DDR5-6400 CL34 EXPERT 화이트 패키지 서린 -> 성공(11개 항목)
[ram] [54/74] pid=20547176 name=TeamGroup T-CREATE DDR5-7200 CL34 EXPERT 패키지 서린 -> 성공(11개 항목)
[ram] [55/74] pid=20547212 name=TeamGroup T-CREATE DDR5-7200 CL34 EXPERT 화이트 패키지 서린 -> 성공(11개 항목)
[ram] [56/74] pid=27545675 name=TeamGroup DDR5-5600 CL46 Elite Plus 블랙 서린 -> 성공(10개 항목)
[ram] [57/74] pid=29483009 name=TeamGroup T-Force DDR5-6000 CL38 Delta RGB 화이트 패키지 -> 성공(14개 항목)
[ram] [58/74] pid=32076191 name=TeamGroup T-Force DDR5-8000 CL38 Delta RGB 화이트 패키지 서린 -> 성공(14개 항목)
[ram] [59/74] pid=37345886 name=TeamGroup DDR5-5600 CL46 Elite -> 성공(9개 항목)
[ram] [60/74] pid=54100754 name=TeamGroup DDR5-6400 CL52 Elite 서린 -> 성공(9개 항목)
[ram] [61/74] pid=67693613 name=TeamGroup T-Force DDR5-6000 CL30 XTREEM ARGB 패키지 서린 -> 성공(15개 항목)
[ram] [62/74] pid=67693646 name=TeamGroup T-Force DDR5-6400 CL32 XTREEM ARGB 패키지 서린 -> 성공(14개 항목)
[ram] [63/74] pid=68538641 name=TeamGroup T-Force DDR5-7200 CL34 XTREEM 핑크 패키지 서린 -> 성공(11개 항목)
[ram] [64/74] pid=74052965 name=TeamGroup T-Force DDR5-8400 CL42 XTREEM CKD 패키지 서린 -> 성공(12개 항목)
[ram] [65/74] pid=74341889 name=TeamGroup T-Force DDR5-6000 CL28 Delta RGB 블랙 패키지 서린 -> 성공(15개 항목)
[ram] [66/74] pid=74341892 name=TeamGroup T-Force DDR5-6000 CL28 Delta RGB 화이트 패키지 서린 -> 성공(15개 항목)
[ram] [67/74] pid=74341913 name=TeamGroup T-Force DDR5-7200 CL34 XTREEM ARGB 화이트 패키지 서린 -> 성공(14개 항목)
[ram] [68/74] pid=74421821 name=TeamGroup DDR5-5600 CL46 Elite Plus 블랙 -> 성공(10개 항목)
[ram] [69/74] pid=106747745 name=TeamGroup T-Force DDR4-3600 CL18 Vulcan Z Gray 패키지 서린 -> 성공(10개 항목)
[ram] [70/74] pid=108391655 name=삼성전자 DDR5-6400 CL52 CUDIMM -> 성공(10개 항목)
[ram] [71/74] pid=110699500 name=TeamGroup T-CREATE DDR5-6000 CL30 EXPERT 패키지 서린 -> 성공(10개 항목)
[ram] [72/74] pid=116898273 name=삼성전자 DDR4-2133 -> 성공(5개 항목)
[ram] [73/74] pid=117552082 name=TeamGroup T-CREATE DDR5-6000 CL30 EXPERT 화이트 패키지 서린 -> 성공(11개 항목)
[ram] [74/74] pid=118838632 name=TeamGroup T-Force T-Force DDR4-3600 CL18 Delta RGB 화이트 패키지 -> 성공(9개 항목)
[mboard] [1/558] pid=3226637 name=ASUS P9D-MH/10G-DUAL STCOM -> 성공(20개 항목)
[mboard] [2/558] pid=3548546 name=ASUS H110M-K STCOM -> 성공(30개 항목)
[mboard] [3/558] pid=5997948 name=GIGABYTE GA-A320M-S2H 듀러블에디션 피씨디렉트 -> 성공(39개 항목)
[mboard] [4/558] pid=6016659 name=GIGABYTE H370 HD3 듀러블에디션 피씨디렉트 -> 성공(45개 항목)
[mboard] [5/558] pid=6024335 name=ASUS PRIME H310M-K STCOM -> 성공(34개 항목)
[mboard] [6/558] pid=6500307 name=GIGABYTE A320M-H 듀러블에디션 피씨디렉트 -> 성공(40개 항목)
[mboard] [7/558] pid=6508375 name=GIGABYTE Z390 AORUS ULTRA 제이씨현 -> 성공(42개 항목)
[mboard] [8/558] pid=7452148 name=ASUS EX A320M-GAMING 대원씨티에스 -> 성공(39개 항목)
[mboard] [9/558] pid=8345859 name=ASUS WS X299 SAGE/10G STCOM -> 성공(39개 항목)
[mboard] [10/558] pid=9500100 name=MSI MPG X470 게이밍 플러스 맥스 -> 성공(41개 항목)
[mboard] [11/558] pid=10641108 name=ASUS Tinker Fanless Aluminum Case -> 성공(3개 항목)
[mboard] [12/558] pid=11210097 name=ASUS ROG STRIX Z490-E GAMING STCOM -> 성공(43개 항목)
[mboard] [13/558] pid=11571368 name=ASUS TUF Gaming B550M-PLUS STCOM -> 성공(55개 항목)
[mboard] [14/558] pid=11574458 name=ASUS PRIME B550M-A 대원씨티에스 -> 성공(44개 항목)
[mboard] [15/558] pid=11684576 name=GIGABYTE B550M AORUS ELITE 제이씨현 -> 성공(45개 항목)
[mboard] [16/558] pid=11743040 name=ASUS Tinker Edge R -> 성공(15개 항목)
[mboard] [17/558] pid=11751599 name=GIGABYTE B550M AORUS ELITE 피씨디렉트 -> 성공(45개 항목)
[mboard] [18/558] pid=12060293 name=ASUS PRIME A520M-K STCOM -> 성공(44개 항목)
[mboard] [19/558] pid=12067598 name=MSI A520M-A PRO -> 성공(44개 항목)
[mboard] [20/558] pid=12069566 name=ASUS PRIME A520M-K 대원씨티에스 -> 성공(44개 항목)
[mboard] [21/558] pid=12077093 name=GIGABYTE A520M S2H 듀러블에디션 제이씨현 -> 성공(46개 항목)
[mboard] [22/558] pid=12701975 name=ASUS ROG CROSSHAIR VIII DARK HERO STCOM -> 성공(50개 항목)
[mboard] [23/558] pid=12761789 name=ASUS ROG ZENITH EXTREME ALPHA 대원씨티에스 -> 성공(42개 항목)
[mboard] [24/558] pid=13158504 name=ASUS ROG STRIX X670E-F GAMING WIFI STCOM -> 성공(52개 항목)
[mboard] [25/558] pid=13355441 name=ASUS ROG STRIX Z590-F GAMING WIFI 인텍앤컴퍼니 -> 성공(48개 항목)
[mboard] [26/558] pid=13448285 name=GIGABYTE Z590 AORUS ULTRA 피씨디렉트 -> 성공(50개 항목)
[mboard] [27/558] pid=13537568 name=GIGABYTE Z590 AORUS ULTRA 제이씨현 -> 성공(50개 항목)
[mboard] [28/558] pid=13561976 name=ASUS TUF Gaming B560M-PLUS WIFI 인텍앤컴퍼니 -> 성공(49개 항목)
[mboard] [29/558] pid=13587644 name=ASUS TUF Gaming Z590-PLUS 인텍앤컴퍼니 -> 성공(49개 항목)
[mboard] [30/558] pid=13628021 name=MSI H510M-A PRO -> 성공(44개 항목)
[mboard] [31/558] pid=13830011 name=GIGABYTE H510M H 듀러블에디션 제이씨현 -> 성공(45개 항목)
[mboard] [32/558] pid=13875599 name=ASUS ROG MAXIMUS XIII APEX 인텍앤컴퍼니 -> 성공(51개 항목)
[mboard] [33/558] pid=13924805 name=ASUS ROG STRIX B560-A GAMING WIFI STCOM -> 성공(47개 항목)
[mboard] [34/558] pid=14005334 name=ASUS PRIME H510M-K 인텍앤컴퍼니 -> 성공(45개 항목)
[mboard] [35/558] pid=14872736 name=ASUS P11C-X 인텍앤컴퍼니 -> 성공(30개 항목)
[mboard] [36/558] pid=15601613 name=GIGABYTE Z690 UD D4 제이씨현 -> 성공(54개 항목)
[mboard] [37/558] pid=15604190 name=ASUS ROG STRIX Z690-A GAMING WIFI D4 코잇 -> 성공(56개 항목)
[mboard] [38/558] pid=15609182 name=ASUS PRIME Z690-P WIFI D4 코잇 -> 성공(57개 항목)
[mboard] [39/558] pid=15638735 name=ASUS PRIME Z690-P WIFI D4 인텍앤컴퍼니 -> 성공(57개 항목)
[mboard] [40/558] pid=15653582 name=GIGABYTE Z690 AORUS ELITE 피씨디렉트 -> 성공(51개 항목)
[mboard] [41/558] pid=15932150 name=GIGABYTE Z690 AORUS XTREME WATERFORCE 피씨디렉트 -> 성공(52개 항목)
[mboard] [42/558] pid=16083650 name=ASUS PRIME H610M-K D4 인텍앤컴퍼니 -> 성공(45개 항목)
[mboard] [43/558] pid=16085327 name=ASUS TUF Gaming B660M-E D4 인텍앤컴퍼니 -> 성공(48개 항목)
[mboard] [44/558] pid=16089002 name=MSI MAG B660M 박격포 DDR4 -> 성공(53개 항목)
[mboard] [45/558] pid=16102367 name=GIGABYTE H610M H D4 듀러블에디션 제이씨현 -> 성공(47개 항목)
[mboard] [46/558] pid=16102667 name=GIGABYTE H610M S2H D4 듀러블에디션 제이씨현 -> 성공(48개 항목)
[mboard] [47/558] pid=16103102 name=ASUS TUF Gaming B660M-PLUS D4 STCOM -> 성공(52개 항목)
[mboard] [48/558] pid=16103126 name=ASUS ROG STRIX B660-F GAMING WIFI STCOM -> 성공(53개 항목)
[mboard] [49/558] pid=16103177 name=ASUS PRIME H610M-A D4 STCOM -> 성공(47개 항목)
[mboard] [50/558] pid=16260506 name=ASUS EX H610M-V3 D4 STCOM -> 성공(39개 항목)
[mboard] [51/558] pid=16284179 name=ASUS PRIME A520M-A II 대원씨티에스 -> 성공(45개 항목)
[mboard] [52/558] pid=16285538 name=ASUS ROG MAXIMUS Z690 EXTREME GLACIAL STCOM -> 성공(53개 항목)
[mboard] [53/558] pid=16314863 name=MSI PRO H610M-G DDR4 -> 성공(44개 항목)
[mboard] [54/558] pid=16425494 name=ASUS TUF Gaming Z690-PLUS WIFI 인텍앤컴퍼니 -> 성공(54개 항목)
[mboard] [55/558] pid=16637543 name=MSI PRO H610M-C EX -> 성공(48개 항목)
[mboard] [56/558] pid=16971290 name=ASUS PRIME H410M-A STCOM -> 성공(48개 항목)
[mboard] [57/558] pid=17192960 name=ASUS Pro H610T/CSM D4 코잇 (벌크) -> 성공(39개 항목)
[mboard] [58/558] pid=17697992 name=GIGABYTE H610I D4 듀러블에디션 피씨디렉트 -> 성공(48개 항목)
[mboard] [59/558] pid=17915426 name=GIGABYTE X670 AORUS ELITE AX 제이씨현 -> 성공(56개 항목)
[mboard] [60/558] pid=17925728 name=MSI MPG X670E 카본 WiFi -> 성공(58개 항목)
[mboard] [61/558] pid=17926748 name=ASUS ROG STRIX X670E-A GAMING WIFI STCOM -> 성공(51개 항목)
[mboard] [62/558] pid=17926787 name=ASUS ROG STRIX X670E-A GAMING WIFI 대원씨티에스 -> 성공(51개 항목)
[mboard] [63/558] pid=17970146 name=GIGABYTE B650 AORUS ELITE AX 피씨디렉트 -> 성공(54개 항목)
[mboard] [64/558] pid=17970338 name=GIGABYTE B650M AORUS ELITE 제이씨현 -> 성공(54개 항목)
[mboard] [65/558] pid=17971178 name=MSI MPG B650 카본 WIFI -> 성공(58개 항목)
[mboard] [66/558] pid=17971181 name=MSI MAG B650 토마호크 WIFI -> 성공(57개 항목)
[mboard] [67/558] pid=17971184 name=MSI PRO B650M-A WIFI -> 성공(50개 항목)
[mboard] [68/558] pid=17971187 name=MSI MAG B650M 박격포 WIFI -> 성공(56개 항목)
[mboard] [69/558] pid=18021491 name=ASUS TUF Gaming B650M-PLUS WIFI 대원씨티에스 -> 성공(52개 항목)
[mboard] [70/558] pid=18021662 name=ASUS TUF Gaming B650-PLUS WIFI 대원씨티에스 -> 성공(51개 항목)
[mboard] [71/558] pid=18021842 name=ASUS ROG STRIX B650-A GAMING WIFI 대원씨티에스 -> 성공(52개 항목)
[mboard] [72/558] pid=18044519 name=ASUS TUF Gaming B650M-PLUS STCOM -> 성공(54개 항목)
[mboard] [73/558] pid=18044522 name=ASUS TUF Gaming B650M-PLUS WIFI STCOM -> 성공(54개 항목)
[mboard] [74/558] pid=18044558 name=ASUS TUF Gaming B650-PLUS WIFI STCOM -> 성공(51개 항목)
[mboard] [75/558] pid=18044567 name=ASUS ROG STRIX B650-A GAMING WIFI STCOM -> 성공(52개 항목)
[mboard] [76/558] pid=18044582 name=ASUS ROG STRIX B650E-E GAMING WIFI STCOM -> 성공(53개 항목)
[mboard] [77/558] pid=18054803 name=ASUS PRIME Z790-P-CSM 코잇 -> 성공(55개 항목)
[mboard] [78/558] pid=18054881 name=ASUS PRIME Z790-P WIFI-CSM 코잇 -> 성공(56개 항목)
[mboard] [79/558] pid=18059849 name=ASUS ROG MAXIMUS Z790 HERO STCOM -> 성공(54개 항목)
[mboard] [80/558] pid=18060380 name=MSI PRO Z790-A WIFI DDR4 -> 성공(56개 항목)
[mboard] [81/558] pid=18109313 name=MSI PRO H610M-E DDR4 -> 성공(43개 항목)
[mboard] [82/558] pid=18112316 name=GIGABYTE Z790 AORUS ELITE 제이씨현 -> 성공(54개 항목)
[mboard] [83/558] pid=18113015 name=GIGABYTE B650M AORUS ELITE AX 피씨디렉트 -> 성공(56개 항목)
[mboard] [84/558] pid=18128375 name=ASUS PRIME B650-PLUS STCOM -> 성공(50개 항목)
[mboard] [85/558] pid=18165161 name=GIGABYTE B650M AORUS ELITE 피씨디렉트 -> 성공(55개 항목)
[mboard] [86/558] pid=18172115 name=MSI MPG B650 엣지 WIFI -> 성공(58개 항목)
[mboard] [87/558] pid=18173051 name=ASUS ROG STRIX B650E-F GAMING WIFI STCOM -> 성공(53개 항목)
[mboard] [88/558] pid=18189497 name=GIGABYTE B650 AORUS ELITE 피씨디렉트 -> 성공(53개 항목)
[mboard] [89/558] pid=18254819 name=ASUS ROG MAXIMUS Z790 HERO 코잇 -> 성공(54개 항목)
[mboard] [90/558] pid=18261176 name=GIGABYTE Z790 AORUS ELITE AX 피씨디렉트 -> 성공(58개 항목)
[mboard] [91/558] pid=18261245 name=GIGABYTE Z790 UD 피씨디렉트 -> 성공(54개 항목)
[mboard] [92/558] pid=18264857 name=GIGABYTE Z790 AORUS ELITE AX 제이씨현 -> 성공(57개 항목)
[mboard] [93/558] pid=18265187 name=GIGABYTE Z790 UD 제이씨현 -> 성공(54개 항목)
[mboard] [94/558] pid=18265715 name=ASUS ROG STRIX B650E-F GAMING WIFI 대원씨티에스 -> 성공(53개 항목)
[mboard] [95/558] pid=18448628 name=MSI MPG B650I 엣지 WIFI -> 성공(50개 항목)
[mboard] [96/558] pid=18460412 name=GIGABYTE Z790 AORUS XTREME 제이씨현 -> 성공(54개 항목)
[mboard] [97/558] pid=18649997 name=GIGABYTE B760M AORUS ELITE 제이씨현 -> 성공(51개 항목)
[mboard] [98/558] pid=18650483 name=GIGABYTE B760M DS3H D4 제이씨현 -> 성공(50개 항목)
[mboard] [99/558] pid=18651431 name=GIGABYTE B760M AORUS ELITE 피씨디렉트 -> 성공(52개 항목)
[mboard] [100/558] pid=18651506 name=GIGABYTE B760M AORUS ELITE AX 피씨디렉트 -> 성공(58개 항목)
[mboard] [101/558] pid=18651545 name=GIGABYTE B760M AORUS ELITE D4 피씨디렉트 -> 성공(51개 항목)
[mboard] [102/558] pid=18651560 name=GIGABYTE B760M DS3H D4 피씨디렉트 -> 성공(50개 항목)
[mboard] [103/558] pid=18652442 name=ASUS PRIME B760M-K D4 코잇 -> 성공(45개 항목)
[mboard] [104/558] pid=18652511 name=ASUS EX B760M-V5 D4 코잇 -> 성공(42개 항목)
[mboard] [105/558] pid=18652865 name=MSI MAG B760 토마호크 WIFI -> 성공(55개 항목)
[mboard] [106/558] pid=18652889 name=MSI PRO B760M-P DDR4 -> 성공(47개 항목)
[mboard] [107/558] pid=18652895 name=ASUS PRIME B760M-K D4 STCOM -> 성공(46개 항목)
[mboard] [108/558] pid=18652898 name=ASUS PRIME B760M-A D4 STCOM -> 성공(47개 항목)
[mboard] [109/558] pid=18662789 name=ASUS ROG STRIX B760-I GAMING WIFI STCOM -> 성공(52개 항목)
[mboard] [110/558] pid=18663455 name=GIGABYTE H610M K D4 피씨디렉트 -> 성공(44개 항목)
[mboard] [111/558] pid=18670778 name=GIGABYTE H610M K D4 제이씨현 -> 성공(44개 항목)
[mboard] [112/558] pid=18716924 name=ASUS ROG STRIX B760-I GAMING WIFI 코잇 -> 성공(51개 항목)
[mboard] [113/558] pid=18725312 name=ASUS PRIME B760M-K D4 인텍앤컴퍼니 -> 성공(46개 항목)
[mboard] [114/558] pid=18781991 name=GIGABYTE B760M DS3H 피씨디렉트 -> 성공(50개 항목)
[mboard] [115/558] pid=18813608 name=GIGABYTE B760M DS3H 제이씨현 -> 성공(50개 항목)
[mboard] [116/558] pid=19163258 name=ASUS PRIME B650M-A II STCOM -> 성공(47개 항목)
[mboard] [117/558] pid=19170107 name=GIGABYTE H610M S2H V2 D4 듀러블에디션 피씨디렉트 -> 성공(49개 항목)
[mboard] [118/558] pid=19241759 name=MSI PRO B760M-A WIFI -> 성공(50개 항목)
[mboard] [119/558] pid=19242146 name=GIGABYTE H610M S2H V2 D4 듀러블에디션 제이씨현 -> 성공(49개 항목)
[mboard] [120/558] pid=19306598 name=ASUS TUF Gaming B760-PLUS WIFI 인텍앤컴퍼니 -> 성공(55개 항목)
[mboard] [121/558] pid=19429325 name=ASUS PRIME B760-PLUS STCOM -> 성공(53개 항목)
[mboard] [122/558] pid=19431530 name=GIGABYTE A520M K V2 피씨디렉트 -> 성공(44개 항목)
[mboard] [123/558] pid=19556732 name=ASUS PRO WS W680-ACE IPMI STCOM -> 성공(50개 항목)
[mboard] [124/558] pid=19556996 name=ASUS PRO WS W680-ACE STCOM -> 성공(47개 항목)
[mboard] [125/558] pid=19605602 name=ASUS PRIME B760M-A STCOM -> 성공(47개 항목)
[mboard] [126/558] pid=19610558 name=GIGABYTE H610M S2H 듀러블에디션 제이씨현 -> 성공(47개 항목)
[mboard] [127/558] pid=19619507 name=GIGABYTE H610M H 듀러블에디션 제이씨현 -> 성공(45개 항목)
[mboard] [128/558] pid=19628207 name=ASUS TUF Gaming B760M-PLUS 코잇 -> 성공(52개 항목)
[mboard] [129/558] pid=19673600 name=GIGABYTE A620M GAMING X 제이씨현 -> 성공(48개 항목)
[mboard] [130/558] pid=19691519 name=ASUS PRIME B650M-A II 대원씨티에스 -> 성공(46개 항목)
[mboard] [131/558] pid=19704527 name=ASUS PRIME B760M-A 코잇 -> 성공(47개 항목)
[mboard] [132/558] pid=19705316 name=MSI PRO A620M-E -> 성공(42개 항목)
[mboard] [133/558] pid=19725299 name=GIGABYTE A620M GAMING X 피씨디렉트 -> 성공(48개 항목)
[mboard] [134/558] pid=19756130 name=ASUS PRIME B760-PLUS 코잇 -> 성공(52개 항목)
[mboard] [135/558] pid=19756199 name=ASUS TUF Gaming B760-PLUS WIFI 코잇 -> 성공(55개 항목)
[mboard] [136/558] pid=19772375 name=ASUS PRIME B760M-A 인텍앤컴퍼니 -> 성공(47개 항목)
[mboard] [137/558] pid=19772519 name=ASUS PRIME B760-PLUS 인텍앤컴퍼니 -> 성공(53개 항목)
[mboard] [138/558] pid=19772675 name=ASUS ROG STRIX B760-G GAMING WIFI 인텍앤컴퍼니 -> 성공(56개 항목)
[mboard] [139/558] pid=19834694 name=GIGABYTE H610M S2H 듀러블에디션 피씨디렉트 -> 성공(47개 항목)
[mboard] [140/558] pid=19903481 name=ASUS ROG STRIX B760-G GAMING WIFI 코잇 -> 성공(57개 항목)
[mboard] [141/558] pid=19924310 name=ASUS PRIME A620M-A STCOM -> 성공(45개 항목)
[mboard] [142/558] pid=19925807 name=ASUS TUF Gaming A620M-PLUS STCOM -> 성공(45개 항목)
[mboard] [143/558] pid=19926059 name=ASUS TUF Gaming A620M-PLUS WIFI STCOM -> 성공(47개 항목)
[mboard] [144/558] pid=19926611 name=ASUS PRIME A620M-A 대원씨티에스 -> 성공(45개 항목)
[mboard] [145/558] pid=19926731 name=ASUS TUF Gaming A620M-PLUS 대원씨티에스 -> 성공(45개 항목)
[mboard] [146/558] pid=19927037 name=ASUS TUF Gaming A620M-PLUS WIFI 대원씨티에스 -> 성공(47개 항목)
[mboard] [147/558] pid=19927871 name=ASUS P12R-I STCOM -> 성공(30개 항목)
[mboard] [148/558] pid=19938515 name=GIGABYTE H610M K 제이씨현 -> 성공(46개 항목)
[mboard] [149/558] pid=19999916 name=GIGABYTE H610M K 피씨디렉트 -> 성공(46개 항목)
[mboard] [150/558] pid=20027564 name=ASUS PRIME H510M-K R2.0 인텍앤컴퍼니 -> 성공(45개 항목)
[mboard] [151/558] pid=20079008 name=ASUS PRIME Z790M-PLUS-CSM 코잇 -> 성공(52개 항목)
[mboard] [152/558] pid=20108249 name=MSI PRO B650M-P -> 성공(44개 항목)
[mboard] [153/558] pid=20119583 name=GIGABYTE H610M H V2 D4 피씨디렉트 -> 성공(44개 항목)
[mboard] [154/558] pid=20171636 name=MSI PRO B760M-P -> 성공(47개 항목)
[mboard] [155/558] pid=20231597 name=GIGABYTE A620M S2H 피씨디렉트 -> 성공(48개 항목)
[mboard] [156/558] pid=20238110 name=GIGABYTE A620M S2H 제이씨현 -> 성공(49개 항목)
[mboard] [157/558] pid=20318291 name=ASUS TUF Gaming A620-PRO WIFI STCOM -> 성공(53개 항목)
[mboard] [158/558] pid=20324882 name=GIGABYTE B650M K 제이씨현 -> 성공(52개 항목)
[mboard] [159/558] pid=20343650 name=ASUS PRIME B760M-K 코잇 -> 성공(46개 항목)
[mboard] [160/558] pid=20344700 name=ASUS PRIME H610M-CS D4 코잇 -> 성공(42개 항목)
[mboard] [161/558] pid=20459081 name=GIGABYTE A520M K V2 제이씨현 -> 성공(45개 항목)
[mboard] [162/558] pid=20462924 name=GIGABYTE H610M H V2 D4 제이씨현 -> 성공(44개 항목)
[mboard] [163/558] pid=20612690 name=ASUS PRIME B760M-KS 코잇 (벌크) -> 성공(48개 항목)
[mboard] [164/558] pid=20710217 name=ASUS PRIME B760M-K 인텍앤컴퍼니 -> 성공(47개 항목)
[mboard] [165/558] pid=21427535 name=ASUS TUF Gaming B650M-E WIFI 대원씨티에스 -> 성공(54개 항목)
[mboard] [166/558] pid=21428693 name=ASUS PRIME A620M-K 대원씨티에스 -> 성공(45개 항목)
[mboard] [167/558] pid=21727307 name=GIGABYTE B650M K 피씨디렉트 -> 성공(50개 항목)
[mboard] [168/558] pid=21731021 name=GIGABYTE B650M S2H 제이씨현 -> 성공(47개 항목)
[mboard] [169/558] pid=25129808 name=ASUS PRO WS W790E-SAGE SE STCOM -> 성공(52개 항목)
[mboard] [170/558] pid=25208807 name=ASUS PRO WS W790-ACE STCOM -> 성공(48개 항목)
[mboard] [171/558] pid=27474755 name=MSI PRO B760M-A DDR4 II -> 성공(47개 항목)
[mboard] [172/558] pid=27475223 name=MSI MAG X670E 토마호크 WIFI -> 성공(54개 항목)
[mboard] [173/558] pid=27572138 name=ASUS PRIME H610M-E 인텍앤컴퍼니 -> 성공(46개 항목)
[mboard] [174/558] pid=27675110 name=ASUS PRIME H610M-E 코잇 -> 성공(46개 항목)
[mboard] [175/558] pid=28010348 name=GIGABYTE B760M E 피씨디렉트 -> 성공(43개 항목)
[mboard] [176/558] pid=28511822 name=ASUS PRIME H510M-K R2.0 STCOM -> 성공(46개 항목)
[mboard] [177/558] pid=28780247 name=ASUS PRO WS W790E-SAGE SE 대원씨티에스 -> 성공(52개 항목)
[mboard] [178/558] pid=28803482 name=ASUS ROG MAXIMUS Z790 APEX ENCORE STCOM -> 성공(54개 항목)
[mboard] [179/558] pid=28857518 name=ASUS PRIME H610M-K D5 인텍앤컴퍼니 -> 성공(46개 항목)
[mboard] [180/558] pid=28857623 name=ASUS PRIME H610M-K ARGB 인텍앤컴퍼니 -> 성공(46개 항목)
[mboard] [181/558] pid=29393921 name=ASUS PRIME H610I-PLUS 코잇 -> 성공(48개 항목)
[mboard] [182/558] pid=29863127 name=GIGABYTE B650M AORUS ELITE AX ICE 제이씨현 -> 성공(59개 항목)
[mboard] [183/558] pid=29942195 name=ASUS PRIME H610M-D 코잇 -> 성공(46개 항목)
[mboard] [184/558] pid=30070400 name=GIGABYTE B650 AORUS ELITE AX ICE 제이씨현 -> 성공(57개 항목)
[mboard] [185/558] pid=31472456 name=GIGABYTE TRX50 AERO D 피씨디렉트 -> 성공(54개 항목)
[mboard] [186/558] pid=32002067 name=GIGABYTE H610M K D4 제이씨현 (벌크) -> 성공(44개 항목)
[mboard] [187/558] pid=32070719 name=GIGABYTE B650 AORUS ELITE AX V2 피씨디렉트 -> 성공(55개 항목)
[mboard] [188/558] pid=32071067 name=GIGABYTE B650 AORUS ELITE V2 피씨디렉트 -> 성공(53개 항목)
[mboard] [189/558] pid=32078006 name=GIGABYTE B650 AORUS ELITE V2 제이씨현 -> 성공(53개 항목)
[mboard] [190/558] pid=32126690 name=ASUS PRO WS TRX50-SAGE WiFi STCOM -> 성공(53개 항목)
[mboard] [191/558] pid=32487287 name=ASUS PRO WS TRX50-SAGE WiFi 대원씨티에스 -> 성공(53개 항목)
[mboard] [192/558] pid=34372580 name=ASUS PRIME B760M-PLUS-CSM STCOM -> 성공(55개 항목)
[mboard] [193/558] pid=34373075 name=ASUS TUF Gaming B650-E WIFI STCOM -> 성공(57개 항목)
[mboard] [194/558] pid=34739282 name=ASUS PRIME H610M-CS 2.5G 코잇 -> 성공(44개 항목)
[mboard] [195/558] pid=34741700 name=GIGABYTE B650E AORUS ELITE X AX ICE 피씨디렉트 -> 성공(56개 항목)
[mboard] [196/558] pid=34741730 name=GIGABYTE B650E AORUS ELITE X AX ICE 제이씨현 -> 성공(56개 항목)
[mboard] [197/558] pid=34810925 name=ASUS PRIME B760M-PLUS-CSM 인텍앤컴퍼니 -> 성공(55개 항목)
[mboard] [198/558] pid=34815323 name=ASUS PRIME B760M-PLUS-CSM 코잇 -> 성공(55개 항목)
[mboard] [199/558] pid=34815659 name=ASUS TUF Gaming B760M-PLUS II 코잇 -> 성공(54개 항목)
[mboard] [200/558] pid=37226114 name=MSI MAG B760M 박격포 II -> 성공(52개 항목)
[mboard] [201/558] pid=38347157 name=ASUS PRO WS WRX90E-SAGE SE STCOM -> 성공(50개 항목)
[mboard] [202/558] pid=39249221 name=MSI PRO A620M-C EX -> 성공(48개 항목)
[mboard] [203/558] pid=42860537 name=ASUS Z13PE-D16 STCOM -> 성공(38개 항목)
[mboard] [204/558] pid=45257993 name=ASUS PRO WS WRX90E-SAGE SE 대원씨티에스 -> 성공(50개 항목)
[mboard] [205/558] pid=48476933 name=ASUS TUF Gaming B650M-E STCOM -> 성공(53개 항목)
[mboard] [206/558] pid=53418977 name=MSI B650M 프로젝트 제로 -> 성공(59개 항목)
[mboard] [207/558] pid=53419463 name=MSI B760M 프로젝트 제로 -> 성공(57개 항목)
[mboard] [208/558] pid=54326606 name=GIGABYTE Z790 AORUS XTREME X ICE + AORUS 지포스 RTX 4080 SUPER XTREME ICE 패키지 피씨디렉트 -> 성공(56개 항목)
[mboard] [209/558] pid=57295043 name=MSI PRO B650M-B -> 성공(46개 항목)
[mboard] [210/558] pid=62568890 name=MSI PRO B650M-A -> 성공(47개 항목)
[mboard] [211/558] pid=63938699 name=GIGABYTE TRX50 AI TOP 제이씨현 -> 성공(54개 항목)
[mboard] [212/558] pid=64267934 name=GIGABYTE TRX50 AI TOP 피씨디렉트 -> 성공(54개 항목)
[mboard] [213/558] pid=64375265 name=GIGABYTE H610M H V2 피씨디렉트 -> 성공(46개 항목)
[mboard] [214/558] pid=65307479 name=GIGABYTE H610M S2H V2 피씨디렉트 -> 성공(48개 항목)
[mboard] [215/558] pid=66046067 name=GIGABYTE H610M S2H V2 제이씨현 -> 성공(48개 항목)
[mboard] [216/558] pid=66046259 name=GIGABYTE H610M H V2 제이씨현 -> 성공(46개 항목)
[mboard] [217/558] pid=66046349 name=GIGABYTE H610M K V2 제이씨현 -> 성공(44개 항목)
[mboard] [218/558] pid=67678283 name=GIGABYTE H610M K V2 피씨디렉트 -> 성공(44개 항목)
[mboard] [219/558] pid=67693886 name=ASUS PRIME X870-P WIFI-CSM STCOM -> 성공(55개 항목)
[mboard] [220/558] pid=67693952 name=ASUS PRIME X870-P-CSM STCOM -> 성공(53개 항목)
[mboard] [221/558] pid=67694132 name=ASUS ProArt X870E-CREATOR WIFI STCOM -> 성공(57개 항목)
[mboard] [222/558] pid=67694456 name=ASUS ROG CROSSHAIR X870E HERO STCOM -> 성공(57개 항목)
[mboard] [223/558] pid=67694840 name=ASUS ROG STRIX X870-A GAMING WIFI STCOM -> 성공(59개 항목)
[mboard] [224/558] pid=67694921 name=ASUS ROG STRIX X870E-E GAMING WIFI STCOM -> 성공(58개 항목)
[mboard] [225/558] pid=67695545 name=ASUS ROG STRIX X870-F GAMING WIFI STCOM -> 성공(59개 항목)
[mboard] [226/558] pid=67695563 name=ASUS TUF Gaming X870-PLUS WIFI STCOM -> 성공(55개 항목)
[mboard] [227/558] pid=67845785 name=GIGABYTE X870E AORUS PRO ICE 제이씨현 -> 성공(60개 항목)
[mboard] [228/558] pid=67845815 name=GIGABYTE X870 AORUS ELITE WIFI7 제이씨현 -> 성공(61개 항목)
[mboard] [229/558] pid=67845863 name=GIGABYTE X870 AORUS ELITE WIFI7 ICE 제이씨현 -> 성공(61개 항목)
[mboard] [230/558] pid=67846052 name=GIGABYTE X870 EAGLE WIFI7 제이씨현 -> 성공(58개 항목)
[mboard] [231/558] pid=67847474 name=GIGABYTE X870 AORUS ELITE WIFI7 피씨디렉트 -> 성공(61개 항목)
[mboard] [232/558] pid=67847492 name=GIGABYTE X870 AORUS ELITE WIFI7 ICE 피씨디렉트 -> 성공(61개 항목)
[mboard] [233/558] pid=67847609 name=GIGABYTE X870E AORUS PRO ICE 피씨디렉트 -> 성공(60개 항목)
[mboard] [234/558] pid=67851653 name=ASUS PRIME X870-P WIFI-CSM 대원씨티에스 -> 성공(55개 항목)
[mboard] [235/558] pid=67851971 name=ASUS PRIME X870-P-CSM 대원씨티에스 -> 성공(54개 항목)
[mboard] [236/558] pid=67852106 name=ASUS ProArt X870E-CREATOR WIFI 대원씨티에스 -> 성공(57개 항목)
[mboard] [237/558] pid=67852211 name=ASUS ROG CROSSHAIR X870E HERO 대원씨티에스 -> 성공(57개 항목)
[mboard] [238/558] pid=67852265 name=ASUS ROG STRIX X870-A GAMING WIFI 대원씨티에스 -> 성공(58개 항목)
[mboard] [239/558] pid=67852370 name=MSI MAG X870 토마호크 WIFI -> 성공(60개 항목)
[mboard] [240/558] pid=67852469 name=MSI PRO X870-P WIFI -> 성공(59개 항목)
[mboard] [241/558] pid=67852652 name=MSI MPG X870E 카본 WIFI -> 성공(58개 항목)
[mboard] [242/558] pid=67852706 name=GIGABYTE X870 EAGLE WIFI7 피씨디렉트 -> 성공(58개 항목)
[mboard] [243/558] pid=67852766 name=ASUS ROG STRIX X870E-E GAMING WIFI 대원씨티에스 -> 성공(58개 항목)
[mboard] [244/558] pid=67852793 name=ASUS ROG STRIX X870-F GAMING WIFI 대원씨티에스 -> 성공(59개 항목)
[mboard] [245/558] pid=67852838 name=ASUS TUF Gaming X870-PLUS WIFI 대원씨티에스 -> 성공(55개 항목)
[mboard] [246/558] pid=67852946 name=ASUS ROG STRIX X870-I GAMING WIFI 대원씨티에스 -> 성공(54개 항목)
[mboard] [247/558] pid=67976948 name=ASUS ROG STRIX X870-I GAMING WIFI STCOM -> 성공(54개 항목)
[mboard] [248/558] pid=69566399 name=ASUS ROG MAXIMUS Z890 APEX 인텍앤컴퍼니 -> 성공(62개 항목)
[mboard] [249/558] pid=69566516 name=ASUS ROG MAXIMUS Z890 EXTREME 인텍앤컴퍼니 -> 성공(61개 항목)
[mboard] [250/558] pid=69566996 name=ASUS ROG MAXIMUS Z890 HERO 인텍앤컴퍼니 -> 성공(59개 항목)
[mboard] [251/558] pid=69656168 name=ASUS ROG STRIX Z890-A GAMING WIFI 인텍앤컴퍼니 -> 성공(59개 항목)
[mboard] [252/558] pid=69656276 name=ASUS ROG STRIX Z890-E GAMING WIFI 인텍앤컴퍼니 -> 성공(59개 항목)
[mboard] [253/558] pid=69656426 name=ASUS ROG STRIX Z890-F GAMING WIFI 인텍앤컴퍼니 -> 성공(60개 항목)
[mboard] [254/558] pid=69656816 name=ASUS PRIME Z890-P WIFI-CSM 인텍앤컴퍼니 -> 성공(58개 항목)
[mboard] [255/558] pid=69656858 name=ASUS PRIME Z890-P-CSM 인텍앤컴퍼니 -> 성공(56개 항목)
[mboard] [256/558] pid=69661004 name=ASUS Z890 AYW GAMING WIFI W 인텍앤컴퍼니 -> 성공(56개 항목)
[mboard] [257/558] pid=69661214 name=ASUS ProArt Z890-CREATOR WIFI 인텍앤컴퍼니 -> 성공(56개 항목)
[mboard] [258/558] pid=69661250 name=ASUS PRIME Z890-P WIFI-CSM STCOM -> 성공(58개 항목)
[mboard] [259/558] pid=69661526 name=ASUS PRIME Z890-P-CSM STCOM -> 성공(56개 항목)
[mboard] [260/558] pid=69661643 name=ASUS ROG MAXIMUS Z890 APEX STCOM -> 성공(62개 항목)
[mboard] [261/558] pid=69661799 name=ASUS ROG MAXIMUS Z890 HERO STCOM -> 성공(60개 항목)
[mboard] [262/558] pid=69662105 name=ASUS ROG STRIX Z890-E GAMING WIFI STCOM -> 성공(59개 항목)
[mboard] [263/558] pid=69662114 name=ASUS ROG STRIX Z890-F GAMING WIFI STCOM -> 성공(60개 항목)
[mboard] [264/558] pid=69662153 name=ASUS ROG STRIX Z890-I GAMING WIFI STCOM -> 성공(53개 항목)
[mboard] [265/558] pid=69662171 name=ASUS TUF Gaming Z890-PRO WIFI STCOM -> 성공(60개 항목)
[mboard] [266/558] pid=69662327 name=ASUS Z890 AYW GAMING WIFI W STCOM -> 성공(56개 항목)
[mboard] [267/558] pid=69696089 name=ASUS PRIME Z890-P WIFI-CSM 코잇 -> 성공(58개 항목)
[mboard] [268/558] pid=69696269 name=ASUS PRIME Z890-P-CSM 코잇 -> 성공(56개 항목)
[mboard] [269/558] pid=69696464 name=ASUS PRIME Z890M-PLUS WIFI-CSM 코잇 -> 성공(57개 항목)
[mboard] [270/558] pid=69696563 name=ASUS ProArt Z890-CREATOR WIFI 코잇 -> 성공(56개 항목)
[mboard] [271/558] pid=69696602 name=ASUS ROG MAXIMUS Z890 APEX 코잇 -> 성공(62개 항목)
[mboard] [272/558] pid=69696641 name=ASUS ROG MAXIMUS Z890 EXTREME 코잇 -> 성공(61개 항목)
[mboard] [273/558] pid=69696719 name=ASUS ROG MAXIMUS Z890 HERO 코잇 -> 성공(60개 항목)
[mboard] [274/558] pid=69696863 name=ASUS ROG STRIX Z890-E GAMING WIFI 코잇 -> 성공(59개 항목)
[mboard] [275/558] pid=69696959 name=ASUS ROG STRIX Z890-F GAMING WIFI 코잇 -> 성공(60개 항목)
[mboard] [276/558] pid=69697016 name=ASUS ROG STRIX Z890-I GAMING WIFI 코잇 -> 성공(53개 항목)
[mboard] [277/558] pid=69697058 name=ASUS TUF Gaming Z890-PLUS WIFI 코잇 -> 성공(60개 항목)
[mboard] [278/558] pid=69697280 name=ASUS Z890 AYW GAMING WIFI W 코잇 -> 성공(56개 항목)
[mboard] [279/558] pid=69697592 name=MSI MEG Z890 에이스 -> 성공(60개 항목)
[mboard] [280/558] pid=69697766 name=MSI MAG Z890 토마호크 WIFI -> 성공(60개 항목)
[mboard] [281/558] pid=69697916 name=MSI PRO Z890-A WIFI -> 성공(59개 항목)
[mboard] [282/558] pid=69698066 name=MSI MPG Z890 카본 WIFI -> 성공(57개 항목)
[mboard] [283/558] pid=69698492 name=MSI MPG Z890 엣지 TI WIFI -> 성공(60개 항목)
[mboard] [284/558] pid=69698594 name=MSI MEG Z890 유니파이-X -> 성공(62개 항목)
[mboard] [285/558] pid=69698870 name=GIGABYTE Z890 AORUS PRO ICE 제이씨현 -> 성공(58개 항목)
[mboard] [286/558] pid=69699071 name=GIGABYTE Z890 AORUS ELITE WIFI7 ICE 제이씨현 -> 성공(58개 항목)
[mboard] [287/558] pid=69699182 name=GIGABYTE Z890 AORUS ELITE WIFI7 제이씨현 -> 성공(58개 항목)
[mboard] [288/558] pid=69699317 name=GIGABYTE Z890 UD 제이씨현 -> 성공(53개 항목)
[mboard] [289/558] pid=69699389 name=GIGABYTE Z890I AORUS ULTRA 제이씨현 -> 성공(58개 항목)
[mboard] [290/558] pid=69699425 name=GIGABYTE Z890 UD 피씨디렉트 -> 성공(53개 항목)
[mboard] [291/558] pid=69699467 name=GIGABYTE Z890 AORUS MASTER 피씨디렉트 -> 성공(59개 항목)
[mboard] [292/558] pid=69699584 name=GIGABYTE Z890 AORUS PRO ICE 피씨디렉트 -> 성공(58개 항목)
[mboard] [293/558] pid=69699599 name=GIGABYTE Z890 AORUS ELITE WIFI7 ICE 피씨디렉트 -> 성공(58개 항목)
[mboard] [294/558] pid=69699671 name=GIGABYTE Z890 AORUS ELITE WIFI7 피씨디렉트 -> 성공(58개 항목)
[mboard] [295/558] pid=69699695 name=GIGABYTE Z890I AORUS ULTRA 피씨디렉트 -> 성공(58개 항목)
[mboard] [296/558] pid=70001147 name=ASUS ProArt Z890-CREATOR WIFI STCOM -> 성공(56개 항목)
[mboard] [297/558] pid=70002455 name=ASUS PRIME Z890M-PLUS WIFI-CSM STCOM -> 성공(57개 항목)
[mboard] [298/558] pid=71216543 name=MSI PRO Z890-P WIFI -> 성공(60개 항목)
[mboard] [299/558] pid=72227675 name=GIGABYTE Z890 AORUS XTREME AI TOP 피씨디렉트 -> 성공(57개 항목)
[mboard] [300/558] pid=73560548 name=GIGABYTE X870E AORUS PRO 피씨디렉트 -> 성공(60개 항목)
[mboard] [301/558] pid=73763492 name=ASUS TUF Gaming B850-PLUS WIFI 대원씨티에스 -> 성공(58개 항목)
[mboard] [302/558] pid=73763909 name=ASUS TUF Gaming B850M-PLUS WIFI 대원씨티에스 -> 성공(58개 항목)
[mboard] [303/558] pid=73764137 name=ASUS ROG STRIX B850-A GAMING WIFI 대원씨티에스 -> 성공(57개 항목)
[mboard] [304/558] pid=73767836 name=ASUS ROG STRIX B850-E GAMING WIFI 대원씨티에스 -> 성공(57개 항목)
[mboard] [305/558] pid=73767989 name=ASUS ROG STRIX B850-F GAMING WIFI 대원씨티에스 -> 성공(56개 항목)
[mboard] [306/558] pid=73768364 name=ASUS ROG STRIX B850-I GAMING WIFI 대원씨티에스 -> 성공(55개 항목)
[mboard] [307/558] pid=73769318 name=ASUS PRIME B840M-A WIFI-CSM 대원씨티에스 -> 성공(51개 항목)
[mboard] [308/558] pid=73769342 name=ASUS PRIME B840M-A-CSM 대원씨티에스 -> 성공(49개 항목)
[mboard] [309/558] pid=73769357 name=ASUS PRIME B840-PLUS WIFI-CSM 대원씨티에스 -> 성공(53개 항목)
[mboard] [310/558] pid=73770854 name=GIGABYTE X870E AORUS XTREME AI TOP 피씨디렉트 -> 성공(62개 항목)
[mboard] [311/558] pid=73883426 name=ASUS TUF Gaming B850M-PLUS 대원씨티에스 -> 성공(56개 항목)
[mboard] [312/558] pid=73883867 name=ASUS ROG STRIX B850-A GAMING WIFI STCOM -> 성공(57개 항목)
[mboard] [313/558] pid=73883918 name=ASUS ROG STRIX B850-F GAMING WIFI STCOM -> 성공(56개 항목)
[mboard] [314/558] pid=73883963 name=ASUS ROG STRIX B850-I GAMING WIFI STCOM -> 성공(55개 항목)
[mboard] [315/558] pid=73884029 name=ASUS TUF Gaming B850M-PLUS STCOM -> 성공(56개 항목)
[mboard] [316/558] pid=73884041 name=ASUS TUF Gaming B850M-PLUS WIFI STCOM -> 성공(58개 항목)
[mboard] [317/558] pid=73884083 name=ASUS TUF Gaming B850-PLUS WIFI STCOM -> 성공(58개 항목)
[mboard] [318/558] pid=73884143 name=ASUS PRIME B840M-A WIFI-CSM STCOM -> 성공(51개 항목)
[mboard] [319/558] pid=73884173 name=ASUS PRIME B840M-A-CSM STCOM -> 성공(49개 항목)
[mboard] [320/558] pid=73891739 name=GIGABYTE B850 AORUS ELITE WIFI7 피씨디렉트 -> 성공(55개 항목)
[mboard] [321/558] pid=73891778 name=GIGABYTE B850 AORUS ELITE WIFI7 ICE 피씨디렉트 -> 성공(55개 항목)
[mboard] [322/558] pid=73892000 name=GIGABYTE B850M AORUS ELITE WIFI6E ICE 피씨디렉트 -> 성공(54개 항목)
[mboard] [323/558] pid=73892084 name=GIGABYTE B850M DS3H 피씨디렉트 -> 성공(51개 항목)
[mboard] [324/558] pid=73892279 name=GIGABYTE B850 AORUS ELITE WIFI7 ICE 제이씨현 -> 성공(55개 항목)
[mboard] [325/558] pid=73892309 name=GIGABYTE B850 AORUS ELITE WIFI7 제이씨현 -> 성공(55개 항목)
[mboard] [326/558] pid=73892354 name=GIGABYTE B850M DS3H 제이씨현 -> 성공(51개 항목)
[mboard] [327/558] pid=73892423 name=GIGABYTE B850M AORUS ELITE WIFI6E ICE 제이씨현 -> 성공(54개 항목)
[mboard] [328/558] pid=73948922 name=MSI PRO B840-P WIFI -> 성공(52개 항목)
[mboard] [329/558] pid=74250827 name=GIGABYTE B860 AORUS ELITE WIFI7 ICE 제이씨현 -> 성공(57개 항목)
[mboard] [330/558] pid=74250974 name=GIGABYTE B860M AORUS ELITE WIFI6E ICE 제이씨현 -> 성공(59개 항목)
[mboard] [331/558] pid=74251187 name=GIGABYTE B860M AORUS ELITE WIFI6E 제이씨현 -> 성공(59개 항목)
[mboard] [332/558] pid=74251253 name=GIGABYTE B860M AORUS ELITE 제이씨현 -> 성공(56개 항목)
[mboard] [333/558] pid=74251349 name=GIGABYTE B860M DS3H 제이씨현 -> 성공(47개 항목)
[mboard] [334/558] pid=74253203 name=ASUS ROG STRIX B860-I GAMING WIFI STCOM -> 성공(58개 항목)
[mboard] [335/558] pid=74253692 name=ASUS ROG STRIX B860-F GAMING WIFI STCOM -> 성공(60개 항목)
[mboard] [336/558] pid=74254586 name=ASUS ROG STRIX B860-A GAMING WIFI STCOM -> 성공(56개 항목)
[mboard] [337/558] pid=74254724 name=ASUS TUF Gaming B860-PLUS WIFI STCOM -> 성공(60개 항목)
[mboard] [338/558] pid=74254814 name=ASUS TUF Gaming B860M-PLUS WIFI STCOM -> 성공(58개 항목)
[mboard] [339/558] pid=74254832 name=ASUS TUF Gaming B860M-PLUS STCOM -> 성공(56개 항목)
[mboard] [340/558] pid=74255033 name=ASUS PRIME B860M-A WIFI-CSM STCOM -> 성공(53개 항목)
[mboard] [341/558] pid=74255060 name=ASUS PRIME B860M-A-CSM STCOM -> 성공(53개 항목)
[mboard] [342/558] pid=74255084 name=ASUS PRIME B860M-K-CSM STCOM -> 성공(48개 항목)
[mboard] [343/558] pid=74255114 name=ASUS PRIME B860-PLUS-CSM STCOM -> 성공(53개 항목)
[mboard] [344/558] pid=74255120 name=ASUS PRIME B860-PLUS WIFI-CSM STCOM -> 성공(56개 항목)
[mboard] [345/558] pid=74255204 name=ASUS PRIME B860M-A WIFI-CSM 인텍앤컴퍼니 -> 성공(54개 항목)
[mboard] [346/558] pid=74255321 name=ASUS PRIME B860M-A-CSM 인텍앤컴퍼니 -> 성공(53개 항목)
[mboard] [347/558] pid=74255336 name=ASUS ROG STRIX B860-F GAMING WIFI 인텍앤컴퍼니 -> 성공(60개 항목)
[mboard] [348/558] pid=74255369 name=ASUS ROG STRIX B860-I GAMING WIFI 인텍앤컴퍼니 -> 성공(58개 항목)
[mboard] [349/558] pid=74255378 name=ASUS TUF Gaming B860-PLUS WIFI 인텍앤컴퍼니 -> 성공(60개 항목)
[mboard] [350/558] pid=74255381 name=GIGABYTE B860 AORUS ELITE WIFI7 ICE 피씨디렉트 -> 성공(57개 항목)
[mboard] [351/558] pid=74255384 name=GIGABYTE B860M AORUS ELITE 피씨디렉트 -> 성공(56개 항목)
[mboard] [352/558] pid=74255387 name=GIGABYTE B860M AORUS ELITE WIFI6E ICE 피씨디렉트 -> 성공(59개 항목)
[mboard] [353/558] pid=74255390 name=GIGABYTE B860M AORUS ELITE WIFI6E 피씨디렉트 -> 성공(59개 항목)
[mboard] [354/558] pid=74255393 name=GIGABYTE B860M DS3H 피씨디렉트 -> 성공(46개 항목)
[mboard] [355/558] pid=74336033 name=ASUS PRIME H810M-A STCOM -> 성공(47개 항목)
[mboard] [356/558] pid=74336102 name=ASUS PRIME H810M-A-CSM STCOM -> 성공(47개 항목)
[mboard] [357/558] pid=74336888 name=ASUS PRIME H810M-A WIFI STCOM -> 성공(48개 항목)
[mboard] [358/558] pid=74336894 name=ASUS PRIME H810M-A WIFI-CSM STCOM -> 성공(48개 항목)
[mboard] [359/558] pid=74337014 name=ASUS PRIME B860-PLUS-CSM 코잇 -> 성공(53개 항목)
[mboard] [360/558] pid=74337680 name=ASUS PRIME B860M-A-CSM 코잇 -> 성공(53개 항목)
[mboard] [361/558] pid=74337722 name=ASUS ROG STRIX B860-A GAMING WIFI 코잇 -> 성공(56개 항목)
[mboard] [362/558] pid=74338115 name=ASUS ROG STRIX B860-G GAMING WIFI 코잇 -> 성공(59개 항목)
[mboard] [363/558] pid=74338499 name=ASUS ROG STRIX B860-I GAMING WIFI 코잇 -> 성공(58개 항목)
[mboard] [364/558] pid=74338622 name=ASUS TUF Gaming B860-PLUS WIFI 코잇 -> 성공(60개 항목)
[mboard] [365/558] pid=74339975 name=MSI PRO B860M-A WIFI -> 성공(56개 항목)
[mboard] [366/558] pid=74340266 name=MSI MAG B860M 박격포 WIFI -> 성공(58개 항목)
[mboard] [367/558] pid=74340455 name=MSI MAG B860 토마호크 WIFI -> 성공(60개 항목)
[mboard] [368/558] pid=74491244 name=ASUS PRIME B840M-A-CSM 인텍앤컴퍼니 -> 성공(49개 항목)
[mboard] [369/558] pid=74491247 name=ASUS TUF Gaming B850M-PLUS 인텍앤컴퍼니 -> 성공(56개 항목)
[mboard] [370/558] pid=74491250 name=ASUS TUF Gaming B850M-PLUS WIFI 인텍앤컴퍼니 -> 성공(58개 항목)
[mboard] [371/558] pid=74808266 name=ASUS ROG STRIX Z890-I GAMING WIFI 인텍앤컴퍼니 -> 성공(54개 항목)
[mboard] [372/558] pid=74814188 name=ASUS TUF Gaming X870-PLUS WIFI 인텍앤컴퍼니 -> 성공(55개 항목)
[mboard] [373/558] pid=74814341 name=MSI MAG B850 토마호크 맥스 WIFI -> 성공(57개 항목)
[mboard] [374/558] pid=74814380 name=MSI MPG B850 엣지 TI WIFI -> 성공(58개 항목)
[mboard] [375/558] pid=75373061 name=ASUS PRO WS WRX90E-SAGE SE 아이보라 -> 성공(50개 항목)
[mboard] [376/558] pid=75536555 name=ASUS B860M AYW GAMING WIFI 인텍앤컴퍼니 -> 성공(49개 항목)
[mboard] [377/558] pid=75538472 name=MSI MPG X870E 엣지 TI WIFI -> 성공(57개 항목)
[mboard] [378/558] pid=75600170 name=GIGABYTE X870E AORUS PRO 제이씨현 -> 성공(60개 항목)
[mboard] [379/558] pid=75720068 name=ASUS PRIME H810M-A 인텍앤컴퍼니 -> 성공(47개 항목)
[mboard] [380/558] pid=75856148 name=GIGABYTE W790 AI TOP 피씨디렉트 -> 성공(54개 항목)
[mboard] [381/558] pid=75857021 name=MSI MAG X870E 토마호크 WIFI -> 성공(60개 항목)
[mboard] [382/558] pid=75988922 name=GIGABYTE W790 AI TOP 제이씨현 -> 성공(55개 항목)
[mboard] [383/558] pid=76463696 name=ASUS H810M AYW GAMING WIFI STCOM -> 성공(47개 항목)
[mboard] [384/558] pid=76463777 name=ASUS H810M AYW GAMING WIFI-CSM STCOM -> 성공(47개 항목)
[mboard] [385/558] pid=76941716 name=GIGABYTE H810M S2H 제이씨현 -> 성공(43개 항목)
[mboard] [386/558] pid=76941815 name=GIGABYTE H810M H 제이씨현 -> 성공(42개 항목)
[mboard] [387/558] pid=76941983 name=GIGABYTE H810M K 제이씨현 -> 성공(42개 항목)
[mboard] [388/558] pid=76942061 name=GIGABYTE H810M H 피씨디렉트 -> 성공(42개 항목)
[mboard] [389/558] pid=76942073 name=GIGABYTE H810M K 피씨디렉트 -> 성공(42개 항목)
[mboard] [390/558] pid=76942094 name=GIGABYTE H810M S2H 피씨디렉트 -> 성공(43개 항목)
[mboard] [391/558] pid=76946525 name=ASUS ROG STRIX B850-I GAMING WIFI 인텍앤컴퍼니 -> 성공(55개 항목)
[mboard] [392/558] pid=77083181 name=ASUS PRIME H810M-A 코잇 -> 성공(47개 항목)
[mboard] [393/558] pid=77083265 name=ASUS H810M AYW GAMING WIFI 코잇 -> 성공(47개 항목)
[mboard] [394/558] pid=77382695 name=ASUS PRO WS Z890-ACE SE STCOM -> 성공(44개 항목)
[mboard] [395/558] pid=77460818 name=GIGABYTE B850M DS3H ICE 제이씨현 -> 성공(54개 항목)
[mboard] [396/558] pid=77460890 name=ASUS ROG STRIX B850-E GAMING WIFI 인텍앤컴퍼니 -> 성공(57개 항목)
[mboard] [397/558] pid=77460911 name=ASUS TUF Gaming B850-PLUS WIFI 인텍앤컴퍼니 -> 성공(58개 항목)
[mboard] [398/558] pid=77618858 name=ASUS ROG STRIX B850-E GAMING WIFI STCOM -> 성공(57개 항목)
[mboard] [399/558] pid=77620880 name=GIGABYTE B850M DS3H ICE 피씨디렉트 -> 성공(54개 항목)
[mboard] [400/558] pid=77791190 name=GIGABYTE X870I AORUS PRO ICE 피씨디렉트 -> 성공(55개 항목)
[mboard] [401/558] pid=77856971 name=GIGABYTE B850I AORUS PRO 피씨디렉트 -> 성공(51개 항목)
[mboard] [402/558] pid=78843671 name=GIGABYTE B850M AORUS ELITE WIFI6E 제이씨현 -> 성공(58개 항목)
[mboard] [403/558] pid=79000790 name=GIGABYTE B850M AORUS ELITE WIFI6E 피씨디렉트 -> 성공(58개 항목)
[mboard] [404/558] pid=79397648 name=MSI MAG B850M 박격포 WIFI -> 성공(56개 항목)
[mboard] [405/558] pid=79402439 name=GIGABYTE X870I AORUS PRO ICE 제이씨현 -> 성공(54개 항목)
[mboard] [406/558] pid=90271250 name=GIGABYTE B760M AORUS ELITE GEN5 제이씨현 -> 성공(55개 항목)
[mboard] [407/558] pid=90502931 name=GIGABYTE B760M AORUS ELITE GEN5 피씨디렉트 -> 성공(55개 항목)
[mboard] [408/558] pid=91493696 name=MSI MAG B850M 박격포 -> 성공(54개 항목)
[mboard] [409/558] pid=91871951 name=GIGABYTE B760M DS3H GEN5 제이씨현 -> 성공(51개 항목)
[mboard] [410/558] pid=91872095 name=GIGABYTE B760M DS3H GEN5 피씨디렉트 -> 성공(51개 항목)
[mboard] [411/558] pid=92678840 name=ASUS TUF Gaming B850-BTF WIFI W 인텍앤컴퍼니 -> 성공(53개 항목)
[mboard] [412/558] pid=92687522 name=ASUS PRO WS W880-ACE SE STCOM -> 성공(50개 항목)
[mboard] [413/558] pid=92971469 name=ASUS ROG CROSSHAIR X870E APEX STCOM -> 성공(60개 항목)
[mboard] [414/558] pid=93018986 name=ASUS ROG CROSSHAIR X870E EXTREME STCOM -> 성공(57개 항목)
[mboard] [415/558] pid=93019088 name=ASUS ROG CROSSHAIR X870E APEX 대원씨티에스 -> 성공(60개 항목)
[mboard] [416/558] pid=93022430 name=ASUS ROG CROSSHAIR X870E EXTREME 대원씨티에스 -> 성공(57개 항목)
[mboard] [417/558] pid=93022751 name=ASUS PRIME B850M-A-CSM 대원씨티에스 -> 성공(49개 항목)
[mboard] [418/558] pid=93071258 name=ASUS B850M MAX GAMING WIFI 대원씨티에스 -> 성공(51개 항목)
[mboard] [419/558] pid=93073223 name=GIGABYTE X870 AORUS STEALTH ICE 제이씨현 -> 성공(60개 항목)
[mboard] [420/558] pid=93073367 name=GIGABYTE X870 AORUS STEALTH ICE 피씨디렉트 -> 성공(60개 항목)
[mboard] [421/558] pid=93442604 name=GIGABYTE B850 AORUS STEALTH ICE 피씨디렉트 -> 성공(56개 항목)
[mboard] [422/558] pid=93500939 name=GIGABYTE B850 AORUS STEALTH ICE 제이씨현 -> 성공(56개 항목)
[mboard] [423/558] pid=93502442 name=MSI PRO B850M-A WIFI -> 성공(53개 항목)
[mboard] [424/558] pid=93703418 name=ASUS TUF Gaming B650EM-E WIFI 대원씨티에스 -> 성공(56개 항목)
[mboard] [425/558] pid=94080773 name=GIGABYTE B650M K 제이씨현 (벌크) -> 성공(51개 항목)
[mboard] [426/558] pid=94815752 name=ASUS ROG STRIX B850-G GAMING WIFI 대원씨티에스 -> 성공(56개 항목)
[mboard] [427/558] pid=94888226 name=GIGABYTE B760M D2HX LITE SI GEN5 피씨디렉트 (벌크) -> 성공(45개 항목)
[mboard] [428/558] pid=95200499 name=GIGABYTE B850M FORCE 피씨디렉트 -> 성공(50개 항목)
[mboard] [429/558] pid=95280263 name=GIGABYTE B850M FORCE 제이씨현 -> 성공(52개 항목)
[mboard] [430/558] pid=95420366 name=ASUS B850M MAX GAMING WIFI STCOM -> 성공(51개 항목)
[mboard] [431/558] pid=95420465 name=ASUS ROG STRIX B850-G GAMING WIFI STCOM -> 성공(56개 항목)
[mboard] [432/558] pid=95420537 name=ASUS PRIME B850M-A-CSM STCOM -> 성공(49개 항목)
[mboard] [433/558] pid=95421218 name=ASUS TUF Gaming B650EM-E WIFI STCOM -> 성공(56개 항목)
[mboard] [434/558] pid=95988443 name=ASUS TUF Gaming B850M-E WIFI STCOM -> 성공(56개 항목)
[mboard] [435/558] pid=95988578 name=ASUS TUF Gaming B850M-PLUS II STCOM -> 성공(53개 항목)
[mboard] [436/558] pid=95988710 name=ASUS TUF Gaming B850M-PLUS WIFI7 STCOM -> 성공(56개 항목)
[mboard] [437/558] pid=95988944 name=ASUS TUF Gaming B850M-PLUS WIFI7 W STCOM -> 성공(55개 항목)
[mboard] [438/558] pid=96656717 name=ASUS TUF Gaming B850-BTF WIFI W STCOM -> 성공(53개 항목)
[mboard] [439/558] pid=96712895 name=ASUS PRIME B650EM-A STCOM -> 성공(46개 항목)
[mboard] [440/558] pid=97118543 name=ASUS TUF Gaming B850M-PLUS WIFI7 대원씨티에스 -> 성공(56개 항목)
[mboard] [441/558] pid=97119116 name=ASUS TUF Gaming B850M-PLUS II 대원씨티에스 -> 성공(53개 항목)
[mboard] [442/558] pid=97119959 name=ASUS PRIME B650EM-A 대원씨티에스 -> 성공(47개 항목)
[mboard] [443/558] pid=97120361 name=ASUS TUF Gaming B850M-PLUS WIFI7 W 대원씨티에스 -> 성공(55개 항목)
[mboard] [444/558] pid=97121303 name=ASUS TUF Gaming B850M-E WIFI 대원씨티에스 -> 성공(56개 항목)
[mboard] [445/558] pid=97121510 name=MSI MPG B850I 엣지 TI WIFI -> 성공(55개 항목)
[mboard] [446/558] pid=97121798 name=MSI PRO H810M-B -> 성공(45개 항목)
[mboard] [447/558] pid=97475957 name=ASUS TUF Gaming X870E-PLUS WIFI7 STCOM -> 성공(56개 항목)
[mboard] [448/558] pid=97476215 name=ASUS ROG STRIX X870E-H GAMING WIFI7 STCOM -> 성공(59개 항목)
[mboard] [449/558] pid=97476398 name=ASUS ROG CROSSHAIR X870E HERO BTF STCOM -> 성공(60개 항목)
[mboard] [450/558] pid=97837412 name=MSI PRO H610M-E DDR5 -> 성공(44개 항목)
[mboard] [451/558] pid=98227940 name=GIGABYTE X870E AORUS MASTER X3D ICE 제이씨현 -> 성공(65개 항목)
[mboard] [452/558] pid=98229074 name=GIGABYTE X870E AORUS PRO X3D ICE 제이씨현 -> 성공(63개 항목)
[mboard] [453/558] pid=98543660 name=GIGABYTE X870E AORUS PRO X3D ICE 피씨디렉트 -> 성공(63개 항목)
[mboard] [454/558] pid=98544125 name=ASUS ROG STRIX X870E-H GAMING WIFI7 대원씨티에스 -> 성공(59개 항목)
[mboard] [455/558] pid=98544692 name=MSI PRO B850M-P -> 성공(52개 항목)
[mboard] [456/558] pid=98613731 name=GIGABYTE X870E AORUS MASTER X3D ICE 피씨디렉트 -> 성공(65개 항목)
[mboard] [457/558] pid=99288923 name=ASUS TUF Gaming X870E-PLUS WIFI7 대원씨티에스 -> 성공(57개 항목)
[mboard] [458/558] pid=99746582 name=GIGABYTE B850 EAGLE ICE 제이씨현 -> 성공(56개 항목)
[mboard] [459/558] pid=99746822 name=GIGABYTE B850M AORUS ELITE WIFI7 ICE-P 제이씨현 -> 성공(58개 항목)
[mboard] [460/558] pid=99893756 name=ASUS TUF Gaming B650EM-E WIFI 인텍앤컴퍼니 -> 성공(56개 항목)
[mboard] [461/558] pid=99894263 name=ASUS TUF Gaming B850M-PLUS WIFI7 인텍앤컴퍼니 -> 성공(56개 항목)
[mboard] [462/558] pid=99913676 name=ASUS PRO WS B850M-ACE SE STCOM -> 성공(50개 항목)
[mboard] [463/558] pid=99945386 name=GIGABYTE B850M AORUS ELITE WIFI7 ICE-P 피씨디렉트 -> 성공(58개 항목)
[mboard] [464/558] pid=100192175 name=MSI PRO A620AM-B EVO -> 성공(45개 항목)
[mboard] [465/558] pid=100192475 name=GIGABYTE B850 EAGLE ICE 피씨디렉트 -> 성공(56개 항목)
[mboard] [466/558] pid=100691990 name=ASUS PRIME H810M-E 코잇 -> 성공(44개 항목)
[mboard] [467/558] pid=100698416 name=ASUS PRIME B860M-A WIFI-CSM 코잇 -> 성공(53개 항목)
[mboard] [468/558] pid=101184935 name=ASUS TUF Gaming B850M-PLUS WIFI7 W 인텍앤컴퍼니 -> 성공(55개 항목)
[mboard] [469/558] pid=102004853 name=ASUS PRIME B650EM-A 인텍앤컴퍼니 -> 성공(46개 항목)
[mboard] [470/558] pid=102621374 name=ASUS TUF Gaming B860M-PLUS 코잇 -> 성공(56개 항목)
[mboard] [471/558] pid=103183034 name=ASUS TUF Gaming X870E-PLUS WIFI7 인텍앤컴퍼니 -> 성공(56개 항목)
[mboard] [472/558] pid=103188215 name=ASUS TUF Gaming B850M-PLUS II 인텍앤컴퍼니 -> 성공(53개 항목)
[mboard] [473/558] pid=103188218 name=ASUS B850M MAX GAMING WIFI 인텍앤컴퍼니 -> 성공(51개 항목)
[mboard] [474/558] pid=104325440 name=MSI MAG X870E 토마호크 맥스 WIFI PZ -> 성공(60개 항목)
[mboard] [475/558] pid=104554913 name=ASUS ROG CROSSHAIR X870E DARK HERO STCOM -> 성공(58개 항목)
[mboard] [476/558] pid=104966306 name=GIGABYTE X870 AORUS STEALTH 피씨디렉트 -> 성공(60개 항목)
[mboard] [477/558] pid=104966336 name=GIGABYTE B850 AORUS STEALTH 피씨디렉트 -> 성공(56개 항목)
[mboard] [478/558] pid=104989463 name=ASUS ROG CROSSHAIR X870E DARK HERO 대원씨티에스 -> 성공(58개 항목)
[mboard] [479/558] pid=104989499 name=ASUS PRIME H810M-K STCOM -> 성공(45개 항목)
[mboard] [480/558] pid=104989559 name=ASUS PRIME A620AM-A STCOM -> 성공(45개 항목)
[mboard] [481/558] pid=105813494 name=GIGABYTE B760M AORUS ELITE D4 GEN5 피씨디렉트 -> 성공(55개 항목)
[mboard] [482/558] pid=105817802 name=GIGABYTE B760M AORUS ELITE D4 GEN5 제이씨현 -> 성공(55개 항목)
[mboard] [483/558] pid=105968849 name=ASUS PRIME B550M-K ARGB 대원씨티에스 -> 성공(44개 항목)
[mboard] [484/558] pid=105968858 name=ASUS PRIME B550M-K ARGB STCOM -> 성공(44개 항목)
[mboard] [485/558] pid=105968915 name=GIGABYTE B760M DS3H WIFI6E D4 GEN5 피씨디렉트 -> 성공(51개 항목)
[mboard] [486/558] pid=105969161 name=MSI PRO H810M-C EX -> 성공(41개 항목)
[mboard] [487/558] pid=106044725 name=GIGABYTE B760M DS3H D4 GEN5 제이씨현 -> 성공(49개 항목)
[mboard] [488/558] pid=106045001 name=GIGABYTE H810M H GEN5 피씨디렉트 -> 성공(42개 항목)
[mboard] [489/558] pid=106045718 name=GIGABYTE H810M K GEN5 피씨디렉트 -> 성공(41개 항목)
[mboard] [490/558] pid=106047329 name=GIGABYTE B760M DS3H WIFI6E D4 GEN5 제이씨현 -> 성공(51개 항목)
[mboard] [491/558] pid=106454201 name=GIGABYTE H810M D2HX SI GEN5 제이씨현 -> 성공(42개 항목)
[mboard] [492/558] pid=106465508 name=GIGABYTE A620M H 피씨디렉트 -> 성공(47개 항목)
[mboard] [493/558] pid=106688174 name=GIGABYTE H810M S2H GEN5 피씨디렉트 -> 성공(43개 항목)
[mboard] [494/558] pid=106695713 name=GIGABYTE B850M AORUS PRO WIFI7 피씨디렉트 -> 성공(56개 항목)
[mboard] [495/558] pid=106703318 name=ASUS PRIME A620AM-K 대원씨티에스 -> 성공(45개 항목)
[mboard] [496/558] pid=106703432 name=ASUS PRIME A620AM-A 대원씨티에스 -> 성공(47개 항목)
[mboard] [497/558] pid=106704263 name=GIGABYTE B850M FORCE V2 피씨디렉트 -> 성공(50개 항목)
[mboard] [498/558] pid=106727312 name=GIGABYTE B850M AORUS PRO WIFI7 제이씨현 -> 성공(53개 항목)
[mboard] [499/558] pid=106735550 name=GIGABYTE H810M D2HX SI GEN5 피씨디렉트 -> 성공(45개 항목)
[mboard] [500/558] pid=106746452 name=ASUS TUF Gaming X870-PRO WIFI7 W NEO 대원씨티에스 -> 성공(54개 항목)
[mboard] [501/558] pid=106764977 name=GIGABYTE X870E AORUS ELITE X3D 피씨디렉트 -> 성공(63개 항목)
[mboard] [502/558] pid=106765016 name=GIGABYTE X870E AORUS ELITE X3D ICE 피씨디렉트 -> 성공(63개 항목)
[mboard] [503/558] pid=106767464 name=GIGABYTE X870E AORUS ELITE X3D ICE 제이씨현 -> 성공(63개 항목)
[mboard] [504/558] pid=107989658 name=GIGABYTE X870E AORUS ELITE X3D 제이씨현 -> 성공(63개 항목)
[mboard] [505/558] pid=108167225 name=ASUS PRIME H810M-X 2.5G Gen5 코잇 -> 성공(43개 항목)
[mboard] [506/558] pid=108227489 name=GIGABYTE B850 AORUS STEALTH 제이씨현 -> 성공(56개 항목)
[mboard] [507/558] pid=108227564 name=GIGABYTE X870 AORUS STEALTH 제이씨현 -> 성공(60개 항목)
[mboard] [508/558] pid=108401528 name=GIGABYTE H810M K GEN5 제이씨현 -> 성공(41개 항목)
[mboard] [509/558] pid=109597367 name=GIGABYTE B760M DS3H D4 GEN5 피씨디렉트 -> 성공(49개 항목)
[mboard] [510/558] pid=109680482 name=GIGABYTE Z890 AORUS ELITE DUO X 피씨디렉트 -> 성공(57개 항목)
[mboard] [511/558] pid=122617802 name=GIGABYTE Z890 AORUS ELITE WIFI7 PLUS 피씨디렉트 -> 성공(57개 항목)
[mboard] [512/558] pid=122617854 name=GIGABYTE Z890M AORUS ELITE WIFI7 ICE 피씨디렉트 -> 성공(57개 항목)
[mboard] [513/558] pid=122617914 name=GIGABYTE Z890M AORUS ELITE WIFI7 피씨디렉트 -> 성공(57개 항목)
[mboard] [514/558] pid=122618006 name=GIGABYTE Z890 AORUS ELITE DUO X 제이씨현 -> 성공(58개 항목)
[mboard] [515/558] pid=122618900 name=GIGABYTE Z890 AORUS ELITE WIFI7 PLUS 제이씨현 -> 성공(57개 항목)
[mboard] [516/558] pid=122621357 name=ASUS TUF Gaming X870-PRO WIFI7 W NEO STCOM -> 성공(54개 항목)
[mboard] [517/558] pid=122621970 name=ASUS PRO WS W890E-SAGE SE STCOM -> 성공(49개 항목)
[mboard] [518/558] pid=122636609 name=MSI MAG B860M 박격포 -> 성공(56개 항목)
[mboard] [519/558] pid=122637313 name=MSI PRO B760M-E DDR4 -> 성공(43개 항목)
[mboard] [520/558] pid=122637941 name=ASUS ROG STRIX B850-F GAMING WIFI7 NEO STCOM -> 성공(55개 항목)
[mboard] [521/558] pid=122639563 name=MSI B850M 게이밍 플러스 WIFI6E -> 성공(49개 항목)
[mboard] [522/558] pid=122641599 name=ASUS ProArt B850-CREATOR WIFI NEO 대원씨티에스 -> 성공(58개 항목)
[mboard] [523/558] pid=122642210 name=ASUS ROG STRIX X870E-E GAMING WIFI7 NEO 대원씨티에스 -> 성공(58개 항목)
[mboard] [524/558] pid=122642236 name=ASUS ROG STRIX B850-F GAMING WIFI7 NEO 대원씨티에스 -> 성공(55개 항목)
[mboard] [525/558] pid=122642245 name=ASUS ROG STRIX B850-A GAMING WIFI7 NEO 대원씨티에스 -> 성공(56개 항목)
[mboard] [526/558] pid=122642328 name=ASUS TUF Gaming B850-PRO WIFI7 W NEO 대원씨티에스 -> 성공(56개 항목)
[mboard] [527/558] pid=122643555 name=ASUS PRIME A520M-K 인텍앤컴퍼니 -> 성공(44개 항목)
[mboard] [528/558] pid=122645205 name=ASUS ROG STRIX X870E-A GAMING WIFI7 NEO 대원씨티에스 -> 성공(58개 항목)
[mboard] [529/558] pid=122662050 name=GIGABYTE X870E AERO X3D DARK WOOD 제이씨현 -> 성공(63개 항목)
[mboard] [530/558] pid=122663533 name=ASUS ProArt B850-CREATOR WIFI NEO 인텍앤컴퍼니 -> 성공(58개 항목)
[mboard] [531/558] pid=122663559 name=ASUS ROG STRIX B850-F GAMING WIFI7 NEO 인텍앤컴퍼니 -> 성공(55개 항목)
[mboard] [532/558] pid=122663567 name=ASUS ROG STRIX B850-A GAMING WIFI7 NEO 인텍앤컴퍼니 -> 성공(56개 항목)
[mboard] [533/558] pid=122663659 name=ASUS ROG STRIX X870E-A GAMING WIFI7 NEO 인텍앤컴퍼니 -> 성공(58개 항목)
[mboard] [534/558] pid=122663671 name=ASUS TUF Gaming B850-PRO WIFI7 W NEO 인텍앤컴퍼니 -> 성공(56개 항목)
[mboard] [535/558] pid=122669173 name=GIGABYTE B860M GAMING X 피씨디렉트 -> 성공(54개 항목)
[mboard] [536/558] pid=122670765 name=ASUS ROG STRIX B850-A GAMING WIFI7 NEO STCOM -> 성공(56개 항목)
[mboard] [537/558] pid=122670803 name=ASUS ProArt B850-CREATOR WIFI NEO STCOM -> 성공(58개 항목)
[mboard] [538/558] pid=122670820 name=ASUS TUF Gaming B850-PRO WIFI7 W NEO STCOM -> 성공(56개 항목)
[mboard] [539/558] pid=122675438 name=MSI PRO H810M-E -> 성공(39개 항목)
[mboard] [540/558] pid=122676874 name=GIGABYTE B860M GAMING X 제이씨현 -> 성공(53개 항목)
[mboard] [541/558] pid=122676913 name=ASUS ROG STRIX X870E-A GAMING WIFI7 NEO STCOM -> 성공(58개 항목)
[mboard] [542/558] pid=122681102 name=GIGABYTE X870E AERO X3D DARK WOOD 피씨디렉트 -> 성공(63개 항목)
[mboard] [543/558] pid=122684807 name=ASUS ROG STRIX X870E-E GAMING WIFI7 NEO STCOM -> 성공(58개 항목)
[mboard] [544/558] pid=122687782 name=GIGABYTE H810M S2H GEN5 제이씨현 -> 성공(43개 항목)
[mboard] [545/558] pid=122690875 name=ASUS ROG CROSSHAIR 2006 STCOM -> 성공(55개 항목)
[mboard] [546/558] pid=122694411 name=MSI B550M-A PRO -> 성공(44개 항목)
[mboard] [547/558] pid=122694479 name=MSI PRO B550M-P -> 성공(44개 항목)
[mboard] [548/558] pid=122694530 name=GIGABYTE B850M GAMING X WIFI6E 피씨디렉트 -> 성공(55개 항목)
[mboard] [549/558] pid=122697197 name=GIGABYTE B850M GAMING X WIFI6E 제이씨현 -> 성공(53개 항목)
[mboard] [550/558] pid=122699665 name=GIGABYTE B850M FORCE V2 제이씨현 -> 성공(50개 항목)
[mboard] [551/558] pid=122701088 name=ASUS PRO WS W880-ACE SE 아이보라 -> 성공(50개 항목)
[mboard] [552/558] pid=122705643 name=ASUS ROG CROSSHAIR 2006 인텍앤컴퍼니 -> 성공(55개 항목)
[mboard] [553/558] pid=122710775 name=GIGABYTE B850M AORUS STEALTH ICE 피씨디렉트 -> 성공(58개 항목)
[mboard] [554/558] pid=122710792 name=GIGABYTE B850M AORUS STEALTH 피씨디렉트 -> 성공(58개 항목)
[mboard] [555/558] pid=122711070 name=GIGABYTE B850M AORUS STEALTH ICE 제이씨현 -> 성공(58개 항목)
[mboard] [556/558] pid=122711072 name=GIGABYTE B850M AORUS STEALTH 제이씨현 -> 성공(58개 항목)
[mboard] [557/558] pid=122712415 name=ASUS P13R-M STCOM -> 성공(34개 항목)
[mboard] [558/558] pid=122718531 name=ASUS PRO WS W890-SAGE STCOM -> 성공(48개 항목)
[ssd] [1/33] pid=5834144 name=삼성전자 860 PRO -> 성공(32개 항목)
[ssd] [2/33] pid=5834333 name=삼성전자 860 EVO M.2 SATA -> 성공(33개 항목)
[ssd] [3/33] pid=6095758 name=삼성전자 970 EVO M.2 NVMe -> 성공(32개 항목)
[ssd] [4/33] pid=6096738 name=삼성전자 970 PRO M.2 NVMe -> 성공(32개 항목)
[ssd] [5/33] pid=7063753 name=삼성전자 PM981 M.2 NVMe 벌크 -> 성공(21개 항목)
[ssd] [6/33] pid=7136755 name=삼성전자 970 EVO Plus M.2 NVMe -> 성공(33개 항목)
[ssd] [7/33] pid=10528734 name=삼성전자 PM981a M.2 NVMe 벌크 -> 성공(22개 항목)
[ssd] [8/33] pid=11711015 name=삼성전자 870 QVO -> 성공(30개 항목)
[ssd] [9/33] pid=13190519 name=삼성전자 870 EVO -> 성공(30개 항목)
[ssd] [10/33] pid=13538642 name=삼성전자 980 PRO M.2 NVMe -> 성공(33개 항목)
[ssd] [11/33] pid=13562693 name=삼성전자 980 M.2 NVMe -> 성공(31개 항목)
[ssd] [12/33] pid=13649699 name=삼성전자 PM9A1 M.2 NVMe 벌크 -> 성공(30개 항목)
[ssd] [13/33] pid=13761623 name=삼성전자 PM991 M.2 NVMe 벌크 -> 성공(18개 항목)
[ssd] [14/33] pid=14949881 name=삼성전자 PM991a M.2 NVMe 벌크 -> 성공(17개 항목)
[ssd] [15/33] pid=15495944 name=삼성전자 980 PRO 히트싱크 M.2 NVMe -> 성공(32개 항목)
[ssd] [16/33] pid=17343128 name=삼성전자 PM893 벌크 -> 성공(17개 항목)
[ssd] [17/33] pid=18297002 name=삼성전자 990 PRO M.2 NVMe -> 성공(33개 항목)
[ssd] [18/33] pid=20308046 name=삼성전자 PM9B1 M.2 NVMe 벌크 -> 성공(23개 항목)
[ssd] [19/33] pid=20600144 name=삼성전자 990 PRO 히트싱크 M.2 NVMe -> 성공(35개 항목)
[ssd] [20/33] pid=58029764 name=삼성전자 PM9B1 M.2 2242 NVMe 벌크 -> 성공(23개 항목)
[ssd] [21/33] pid=67627088 name=삼성전자 PM9A1a M.2 NVMe 벌크 -> 성공(19개 항목)
[ssd] [22/33] pid=69869543 name=삼성전자 990 EVO Plus M.2 NVMe -> 성공(30개 항목)
[ssd] [23/33] pid=75938888 name=삼성전자 PM9C1a M.2 2242 NVMe 벌크 -> 성공(13개 항목)
[ssd] [24/33] pid=78716702 name=삼성전자 9100 PRO M.2 NVMe -> 성공(33개 항목)
[ssd] [25/33] pid=78716747 name=삼성전자 9100 PRO 히트싱크 M.2 NVMe -> 성공(33개 항목)
[ssd] [26/33] pid=88207421 name=삼성전자 990 EVO Plus M.2 NVMe 벌크 -> 성공(30개 항목)
[ssd] [27/33] pid=96583769 name=삼성전자 PM9C1b M.2 NVMe 벌크 -> 성공(18개 항목)
[ssd] [28/33] pid=97112444 name=삼성전자 PM9C1 M.2 NVMe 벌크 -> 성공(19개 항목)
[ssd] [29/33] pid=103449614 name=삼성전자 PM9E1 M.2 NVMe 벌크 -> 성공(26개 항목)
[ssd] [30/33] pid=103450037 name=삼성전자 PM9E1 M.2 NVMe 벌크 -> 성공(26개 항목)
[ssd] [31/33] pid=106712972 name=삼성전자 BM9C1 M.2 NVMe 벌크 -> 성공(16개 항목)
[ssd] [32/33] pid=122701897 name=삼성전자 BM9C1 M.2 2230 NVMe 벌크 -> 성공(15개 항목)
[ssd] [33/33] pid=122701937 name=삼성전자 BM9H1 M.2 NVMe 벌크 -> 성공(22개 항목)
[hdd] [1/180] pid=1706996 name=Western Digital WD Blue 7200/64M -> 성공(17개 항목)
[hdd] [2/180] pid=2018614 name=Seagate BarraCuda 7200/64M/비품 -> 성공(8개 항목)
[hdd] [3/180] pid=2227320 name=Seagate NAS HDD 5900/64M -> 성공(12개 항목)
[hdd] [4/180] pid=2307177 name=Western Digital WD BLACK 7200/64M -> 성공(17개 항목)
[hdd] [5/180] pid=2718031 name=Western Digital WD RED Pro 7200/64M -> 성공(13개 항목)
[hdd] [6/180] pid=3474055 name=Western Digital WD Blue 5400/64M -> 성공(16개 항목)
[hdd] [7/180] pid=4411634 name=Seagate SkyHawk 7200/256M -> 성공(19개 항목)
[hdd] [8/180] pid=4490034 name=Seagate BarraCuda 7200/64M -> 성공(18개 항목)
[hdd] [9/180] pid=4555564 name=Seagate SkyHawk 5900/64M -> 성공(20개 항목)
[hdd] [10/180] pid=4555795 name=Seagate IronWolf 5900/64M -> 성공(19개 항목)
[hdd] [11/180] pid=4556071 name=Seagate BarraCuda 7200/32M -> 성공(18개 항목)
[hdd] [12/180] pid=5127056 name=Western Digital WD Purple 5400/256M -> 성공(19개 항목)
[hdd] [13/180] pid=5198822 name=Western Digital WD RED 5400/256M -> 성공(20개 항목)
[hdd] [14/180] pid=5764992 name=Seagate BarraCuda 5400/256M -> 성공(18개 항목)
[hdd] [15/180] pid=5993148 name=Western Digital WD Purple 5400/64M -> 성공(19개 항목)
[hdd] [16/180] pid=6443865 name=Western Digital Ultrastar DC HC320 7200/256M -> 성공(21개 항목)
[hdd] [17/180] pid=6526384 name=Seagate Exos 10E2400 SAS/10K/256M -> 성공(14개 항목)
[hdd] [18/180] pid=6545078 name=Seagate BarraCuda 7200/256M -> 성공(15개 항목)
[hdd] [19/180] pid=6575830 name=Western Digital WD Purple 7200/256M -> 성공(22개 항목)
[hdd] [20/180] pid=6655927 name=Seagate Exos 15E900 SAS/15K/256M -> 성공(12개 항목)
[hdd] [21/180] pid=7080283 name=Western Digital Ultrastar DC HC530 7200/512M -> 성공(24개 항목)
[hdd] [22/180] pid=7295842 name=Western Digital Ultrastar DC HA210 7200/128M -> 성공(21개 항목)
[hdd] [23/180] pid=7297303 name=Western Digital Ultrastar DC HC520 7200/256M -> 성공(21개 항목)
[hdd] [24/180] pid=7297729 name=Western Digital Ultrastar DC HC520 SAS/7200/256M -> 성공(20개 항목)
[hdd] [25/180] pid=7298104 name=Western Digital Ultrastar DC HC310 SAS/7200/256M -> 성공(20개 항목)
[hdd] [26/180] pid=7298146 name=Western Digital Ultrastar DC HC310 7200/256M -> 성공(20개 항목)
[hdd] [27/180] pid=7298278 name=Western Digital Ultrastar DC HC320 SAS/7200/256M -> 성공(20개 항목)
[hdd] [28/180] pid=7616938 name=Western Digital Ultrastar DC HC310 박스 패키지 7200/256M HUS726T4TALA6L4 -> 성공(22개 항목)
[hdd] [29/180] pid=7617142 name=Western Digital Ultrastar DC HC320 박스 패키지 7200/256M HUS728T8TALE6L4 -> 성공(21개 항목)
[hdd] [30/180] pid=7617268 name=Western Digital Ultrastar DC HC520 박스 패키지 7200/256M HUH721212ALE600 -> 성공(21개 항목)
[hdd] [31/180] pid=9344370 name=Seagate SkyHawk 5400/64M -> 성공(18개 항목)
[hdd] [32/180] pid=9348588 name=Seagate IronWolf 7200/256M -> 성공(24개 항목)
[hdd] [33/180] pid=9896460 name=Western Digital WD RED Pro 7200/256M -> 성공(19개 항목)
[hdd] [34/180] pid=9950556 name=Seagate IronWolf 패키지 5900/64M ST2000VN004 -> 성공(18개 항목)
[hdd] [35/180] pid=9950805 name=Seagate IronWolf 패키지 7200/256M ST12000VN0007 -> 성공(25개 항목)
[hdd] [36/180] pid=9950835 name=Seagate IronWolf Pro 패키지 7200/256M ST8000NE001 -> 성공(21개 항목)
[hdd] [37/180] pid=9950850 name=Seagate IronWolf Pro 패키지 7200/256M ST10000NE0008 -> 성공(21개 항목)
[hdd] [38/180] pid=9950859 name=Seagate IronWolf Pro 패키지 7200/256M ST12000NE0008 -> 성공(24개 항목)
[hdd] [39/180] pid=9950868 name=Seagate Exos X16 패키지 7200/256M ST14000NM001G -> 성공(18개 항목)
[hdd] [40/180] pid=10059927 name=Western Digital Ultrastar DC HC530 SAS/7200/512M -> 성공(26개 항목)
[hdd] [41/180] pid=10339344 name=Western Digital Ultrastar DC HC330 7200/256M -> 성공(24개 항목)
[hdd] [42/180] pid=10445298 name=Western Digital Ultrastar DC HC330 박스 패키지 7200/256M WUS721010ALE6L4 -> 성공(24개 항목)
[hdd] [43/180] pid=11244042 name=Western Digital WD Purple 패키지 7200/256M WD121PURZ -> 성공(21개 항목)
[hdd] [44/180] pid=11452572 name=Seagate Exos X16 SAS/7200/256M -> 성공(18개 항목)
[hdd] [45/180] pid=11777467 name=Seagate Exos X16 7200/256M -> 성공(17개 항목)
[hdd] [46/180] pid=11777944 name=Seagate Exos 7E8 SAS/7200/256M -> 성공(16개 항목)
[hdd] [47/180] pid=12068387 name=Western Digital Ultrastar DC HC550 7200/512M -> 성공(18개 항목)
[hdd] [48/180] pid=12068405 name=Western Digital Ultrastar DC HC550 7200/512M -> 성공(19개 항목)
[hdd] [49/180] pid=12068492 name=Western Digital Ultrastar DC HC550 SAS/7200/512M -> 성공(19개 항목)
[hdd] [50/180] pid=12090602 name=Western Digital Ultrastar DC HC550 박스 패키지 7200/512M WUH721818ALE6L4 -> 성공(20개 항목)
[hdd] [51/180] pid=12700412 name=Seagate Exos 7E2000 SAS/7200/128M -> 성공(19개 항목)
[hdd] [52/180] pid=12700472 name=Seagate Exos 7E2000 7200/128M -> 성공(19개 항목)
[hdd] [53/180] pid=12719456 name=Seagate Exos X18 7200/256M -> 성공(15개 항목)
[hdd] [54/180] pid=12719516 name=Seagate Exos X18 SAS/7200/256M -> 성공(15개 항목)
[hdd] [55/180] pid=13212737 name=Seagate Exos X12 7200/256M -> 성공(12개 항목)
[hdd] [56/180] pid=13522751 name=Western Digital WD Blue 7200/256M -> 성공(17개 항목)
[hdd] [57/180] pid=15016814 name=Western Digital WD RED Plus 7200/256M -> 성공(18개 항목)
[hdd] [58/180] pid=15765761 name=Western Digital WD Blue 5640/128M -> 성공(16개 항목)
[hdd] [59/180] pid=16407728 name=Seagate Exos X20 7200/256M -> 성공(14개 항목)
[hdd] [60/180] pid=16517627 name=Seagate Exos X20 SAS/7200/256M -> 성공(15개 항목)
[hdd] [61/180] pid=16534316 name=Western Digital Ultrastar DC HC560 7200/512M -> 성공(19개 항목)
[hdd] [62/180] pid=16638548 name=Western Digital Ultrastar DC HC560 박스 패키지 7200/512M WUH722020ALE6L4 -> 성공(19개 항목)
[hdd] [63/180] pid=16741385 name=Seagate SkyHawk AI 7200/256M -> 성공(19개 항목)
[hdd] [64/180] pid=16881029 name=Western Digital WD RED Plus 5640/128M -> 성공(17개 항목)
[hdd] [65/180] pid=17053781 name=Seagate IronWolf Pro 패키지 7200/256M ST4000NE001 -> 성공(18개 항목)
[hdd] [66/180] pid=17053949 name=Seagate IronWolf Pro 패키지 7200/256M ST18000NE000 -> 성공(19개 항목)
[hdd] [67/180] pid=17054174 name=Seagate IronWolf 패키지 7200/256M ST16000VN001 -> 성공(20개 항목)
[hdd] [68/180] pid=17054525 name=Seagate IronWolf Pro 패키지 7200/256M ST16000NE000 -> 성공(19개 항목)
[hdd] [69/180] pid=17494373 name=Seagate Exos 7E10 7200/256M -> 성공(16개 항목)
[hdd] [70/180] pid=17494853 name=Seagate Exos 7E10 SAS/7200/256M -> 성공(14개 항목)
[hdd] [71/180] pid=17556995 name=Western Digital WD Purple Pro 7200/512M -> 성공(22개 항목)
[hdd] [72/180] pid=17645129 name=Western Digital Ultrastar DC HC570 7200/512M -> 성공(18개 항목)
[hdd] [73/180] pid=17645645 name=Western Digital Ultrastar DC HC570 박스 패키지 7200/512M WUH722222ALE6L4 -> 성공(18개 항목)
[hdd] [74/180] pid=17646044 name=Western Digital Ultrastar DC HC570 SAS/7200/512M -> 성공(18개 항목)
[hdd] [75/180] pid=17726555 name=Seagate IronWolf Pro 패키지 7200/256M ST2000NE001 -> 성공(18개 항목)
[hdd] [76/180] pid=17944598 name=Seagate IronWolf Pro 패키지 7200/256M ST20000NE000 -> 성공(19개 항목)
[hdd] [77/180] pid=18207194 name=Seagate IronWolf Pro 7200/256M -> 성공(18개 항목)
[hdd] [78/180] pid=18449120 name=Seagate IronWolf Pro 패키지 7200/256M ST20000NT001 -> 성공(18개 항목)
[hdd] [79/180] pid=18449318 name=Seagate IronWolf Pro 패키지 7200/256M ST18000NT001 -> 성공(18개 항목)
[hdd] [80/180] pid=18449681 name=Seagate IronWolf Pro 패키지 7200/256M ST14000NT001 -> 성공(18개 항목)
[hdd] [81/180] pid=18450128 name=Seagate IronWolf Pro 패키지 7200/256M ST8000NT001 -> 성공(18개 항목)
[hdd] [82/180] pid=18450623 name=Seagate IronWolf Pro 패키지 7200/256M ST2000NT001 -> 성공(18개 항목)
[hdd] [83/180] pid=18477242 name=Seagate SkyHawk 5400/256M -> 성공(20개 항목)
[hdd] [84/180] pid=18486122 name=Seagate IronWolf 5400/256M -> 성공(20개 항목)
[hdd] [85/180] pid=18532622 name=Western Digital Ultrastar DC HC560 SAS/7200/512M -> 성공(19개 항목)
[hdd] [86/180] pid=18734894 name=Seagate IronWolf 패키지 5900/64M ST4000VN008 -> 성공(18개 항목)
[hdd] [87/180] pid=19618481 name=Western Digital WD RED Plus 5400/256M -> 성공(18개 항목)
[hdd] [88/180] pid=19667138 name=Seagate IronWolf Pro 패키지 7200/256M ST4000NT001 -> 성공(18개 항목)
[hdd] [89/180] pid=19834277 name=Seagate Exos X22 7200/512M -> 성공(13개 항목)
[hdd] [90/180] pid=19834310 name=Seagate Exos X22 SAS/7200/512M -> 성공(13개 항목)
[hdd] [91/180] pid=19943450 name=Western Digital Ultrastar DC HC550 패키지 SAS/7200/512M WUH721816AL5204 -> 성공(19개 항목)
[hdd] [92/180] pid=19945115 name=Western Digital Ultrastar DC HC550 패키지 SAS/7200/512M WUH721818AL5204 -> 성공(19개 항목)
[hdd] [93/180] pid=19952798 name=Western Digital Ultrastar DC HC570 패키지 7200/512M WUH722222ALE6L4 -> 성공(18개 항목)
[hdd] [94/180] pid=20033990 name=Western Digital WD Blue 5400/256M -> 성공(17개 항목)
[hdd] [95/180] pid=20480792 name=Seagate IronWolf 패키지 7200/256M ST12000VN0008 -> 성공(20개 항목)
[hdd] [96/180] pid=27919571 name=Seagate Exos 7E8 7200/256M -> 성공(16개 항목)
[hdd] [97/180] pid=28021712 name=Western Digital WD RED Plus 5400/64M -> 성공(13개 항목)
[hdd] [98/180] pid=28920998 name=Western Digital WD Purple Pro 7200/256M -> 성공(20개 항목)
[hdd] [99/180] pid=33802007 name=Seagate Exos X24 7200/512M -> 성공(16개 항목)
[hdd] [100/180] pid=33823007 name=Seagate Exos X24 SAS/7200/512M -> 성공(16개 항목)
[hdd] [101/180] pid=42286460 name=Western Digital WD Blue 5640/256M -> 성공(17개 항목)
[hdd] [102/180] pid=43923137 name=Western Digital Ultrastar DC HC580 7200/512M -> 성공(16개 항목)
[hdd] [103/180] pid=44765327 name=Western Digital Ultrastar DC HC580 박스 패키지 7200/512M WUH722424ALE6L4 -> 성공(16개 항목)
[hdd] [104/180] pid=50129756 name=Seagate IronWolf Pro 7200/512M 패키지 ST22000NT001 -> 성공(15개 항목)
[hdd] [105/180] pid=54966713 name=Seagate IronWolf Pro 7200/512M 패키지 ST24000NT002 -> 성공(16개 항목)
[hdd] [106/180] pid=59928887 name=Western Digital WD RED Plus 5640/256M -> 성공(13개 항목)
[hdd] [107/180] pid=62565236 name=Western Digital WD Purple 5640/256M -> 성공(16개 항목)
[hdd] [108/180] pid=62652602 name=Seagate IronWolf 패키지 7200/256M ST10000VN000 -> 성공(17개 항목)
[hdd] [109/180] pid=62653481 name=Seagate IronWolf 패키지 5400/256M ST8000VN002 -> 성공(20개 항목)
[hdd] [110/180] pid=63088043 name=Seagate IronWolf 패키지 5400/256M ST6000VN006 -> 성공(18개 항목)
[hdd] [111/180] pid=63270326 name=Seagate IronWolf Pro 패키지 7200/256M ST10000NT001 -> 성공(18개 항목)
[hdd] [112/180] pid=69470444 name=Western Digital Ultrastar DC HC560 박스 패키지 7200/512M WUH722020BLE6L4 -> 성공(16개 항목)
[hdd] [113/180] pid=69699818 name=Western Digital Ultrastar DC HC320 박스 패키지 SAS/7200/256M HUS728T8TAL -> 성공(20개 항목)
[hdd] [114/180] pid=72305477 name=Seagate IronWolf Pro 패키지 7200/256M ST8000NT001 -> 성공(18개 항목)
[hdd] [115/180] pid=73253615 name=Western Digital WD RED Plus 패키지 7200/256M WD120EFBX -> 성공(18개 항목)
[hdd] [116/180] pid=73560272 name=Western Digital Ultrastar DC HA340 7200/512M -> 성공(17개 항목)
[hdd] [117/180] pid=73560293 name=Western Digital Ultrastar DC HA340 7200/256M -> 성공(16개 항목)
[hdd] [118/180] pid=73560314 name=Western Digital Ultrastar DC HA340 7200/256M -> 성공(18개 항목)
[hdd] [119/180] pid=73560386 name=Western Digital Ultrastar DC HA340 박스 패키지 7200/256M WUS721208BLE604 -> 성공(16개 항목)
[hdd] [120/180] pid=73560422 name=Western Digital Ultrastar DC HA340 박스 패키지 7200/256M WUS721206BLE604 -> 성공(16개 항목)
[hdd] [121/180] pid=73560440 name=Western Digital Ultrastar DC HA340 박스 패키지 7200/256M WUS721204BLE6L4 -> 성공(18개 항목)
[hdd] [122/180] pid=73560443 name=Western Digital Ultrastar DC HA340 박스 패키지 7200/256M WUS721204BLE6L4 -> 성공(18개 항목)
[hdd] [123/180] pid=73561691 name=Western Digital Ultrastar DC HC550 박스 패키지 7200/512M WUH721814ALE6L4 -> 성공(23개 항목)
[hdd] [124/180] pid=73561721 name=Western Digital Ultrastar DC HC550 박스 패키지 7200/512M WUH721814ALE6L4 -> 성공(23개 항목)
[hdd] [125/180] pid=73948778 name=Western Digital Ultrastar DC HC555 박스 패키지 7200/512M WUH722018CLE6L4 -> 성공(17개 항목)
[hdd] [126/180] pid=73948865 name=Western Digital Ultrastar DC HC555 박스 패키지 7200/512M WUH722018CLE6L4 -> 성공(17개 항목)
[hdd] [127/180] pid=76402004 name=Western Digital Ultrastar DC HC580 SAS/7200/512M -> 성공(16개 항목)
[hdd] [128/180] pid=76875500 name=Western Digital Ultrastar DC HA340 패키지 7200/256M WUS721204BLE6L4 -> 성공(18개 항목)
[hdd] [129/180] pid=77788049 name=Seagate BarraCuda 7200/512M -> 성공(13개 항목)
[hdd] [130/180] pid=77788166 name=Seagate BarraCuda 7200/512M -> 성공(13개 항목)
[hdd] [131/180] pid=77788532 name=Western Digital Ultrastar DC HC590 7200/512M -> 성공(16개 항목)
[hdd] [132/180] pid=77788715 name=Western Digital Ultrastar DC HC590 SAS/7200/512M -> 성공(16개 항목)
[hdd] [133/180] pid=78101576 name=Western Digital Ultrastar DC HC590 박스 패키지 7200/512M WUH722626ALE6L4 -> 성공(16개 항목)
[hdd] [134/180] pid=78101651 name=Western Digital Ultrastar DC HC590 박스 패키지 7200/512M WUH722626ALE6L4 -> 성공(16개 항목)
[hdd] [135/180] pid=78711641 name=Western Digital Ultrastar DC HC555 박스 패키지 7200/512M WUH722016CLE6L4 -> 성공(16개 항목)
[hdd] [136/180] pid=78711674 name=Western Digital Ultrastar DC HC555 박스 패키지 7200/512M WUH722016CLE6L4 -> 성공(16개 항목)
[hdd] [137/180] pid=78785972 name=Seagate IronWolf 패키지 5400/256M ST4000VN006 -> 성공(18개 항목)
[hdd] [138/180] pid=79114211 name=Seagate IronWolf 패키지 5400/256M ST8000VN002 -> 성공(20개 항목)
[hdd] [139/180] pid=79858160 name=Western Digital Ultrastar DC HA340 박스 패키지 7200/256M WUS721206BLE6L4 -> 성공(18개 항목)
[hdd] [140/180] pid=80149481 name=Western Digital Ultrastar DC HA340 박스 패키지 7200/256M WUS721206BLE6L4 -> 성공(18개 항목)
[hdd] [141/180] pid=80149532 name=Western Digital Ultrastar DC HA340 박스 패키지 7200/256M WUS721208BLE6L4 -> 성공(18개 항목)
[hdd] [142/180] pid=80149628 name=Western Digital Ultrastar DC HA340 박스 패키지 7200/256M WUS721208BLE6L4 -> 성공(18개 항목)
[hdd] [143/180] pid=91351049 name=Western Digital WD Blue 7200/512M -> 성공(16개 항목)
[hdd] [144/180] pid=91351064 name=Western Digital WD Blue 7200/512M -> 성공(16개 항목)
[hdd] [145/180] pid=91909778 name=Western Digital WD RED Plus 7200/512M -> 성공(17개 항목)
[hdd] [146/180] pid=91909982 name=Western Digital WD RED Pro 7200/512M -> 성공(20개 항목)
[hdd] [147/180] pid=91910000 name=Western Digital WD RED Pro 7200/512M -> 성공(20개 항목)
[hdd] [148/180] pid=92146352 name=Seagate IronWolf Pro 패키지 7200/256M ST12000NT001 -> 성공(18개 항목)
[hdd] [149/180] pid=93386579 name=Seagate IronWolf Pro 패키지 7200/256M ST6000NT001 -> 성공(18개 항목)
[hdd] [150/180] pid=93496754 name=Seagate IronWolf Pro 패키지 7200/256M ST16000NT001 -> 성공(18개 항목)
[hdd] [151/180] pid=94129154 name=Seagate Exos 7200/512M -> 성공(18개 항목)
[hdd] [152/180] pid=94129232 name=Seagate Exos 7200/512M -> 성공(18개 항목)
[hdd] [153/180] pid=94259594 name=Seagate IronWolf Pro 패키지 7200/512M ST30000NT011 -> 성공(19개 항목)
[hdd] [154/180] pid=94812245 name=Western Digital Ultrastar DC HA340 7200/512M -> 성공(17개 항목)
[hdd] [155/180] pid=94812350 name=Western Digital Ultrastar DC HA340 7200/512M 박스 패키지 WUS721212BLE6L4 -> 성공(17개 항목)
[hdd] [156/180] pid=94812380 name=Western Digital Ultrastar DC HA340 7200/512M 박스 패키지 WUS721212BLE6L4 -> 성공(17개 항목)
[hdd] [157/180] pid=94812674 name=Western Digital Ultrastar DC HC555 7200/512M -> 성공(17개 항목)
[hdd] [158/180] pid=94812779 name=Western Digital Ultrastar DC HC555 박스 패키지 7200/512M WUH722014CLE6L4 -> 성공(17개 항목)
[hdd] [159/180] pid=94812794 name=Western Digital Ultrastar DC HC555 박스 패키지 7200/512M WUH722014CLE6L4 -> 성공(17개 항목)
[hdd] [160/180] pid=94815044 name=Western Digital Ultrastar DC HC555 7200/512M -> 성공(17개 항목)
[hdd] [161/180] pid=94815101 name=Western Digital Ultrastar DC HC555 박스 패키지 7200/512M WUH722020CLE6L4 -> 성공(17개 항목)
[hdd] [162/180] pid=94815149 name=Western Digital Ultrastar DC HC555 박스 패키지 7200/512M WUH722020CLE6L4 -> 성공(17개 항목)
[hdd] [163/180] pid=94815359 name=Western Digital Ultrastar DC HC580 박스 패키지 7200/512M WUH722422ALE6L4 -> 성공(18개 항목)
[hdd] [164/180] pid=94815380 name=Western Digital Ultrastar DC HC580 박스 패키지 7200/512M WUH722422ALE6L4 -> 성공(18개 항목)
[hdd] [165/180] pid=94815440 name=Western Digital Ultrastar DC HC590 7200/512M -> 성공(19개 항목)
[hdd] [166/180] pid=94815530 name=Western Digital Ultrastar DC HC590 박스 패키지 7200/512M WUH722624ALE6L4 -> 성공(18개 항목)
[hdd] [167/180] pid=94815542 name=Western Digital Ultrastar DC HC590 박스 패키지 7200/512M WUH722624ALE6L4 -> 성공(18개 항목)
[hdd] [168/180] pid=98415407 name=Seagate IronWolf Pro 패키지 7200/512M ST30000NT011 -> 성공(20개 항목)
[hdd] [169/180] pid=98415431 name=Seagate IronWolf Pro 패키지 7200/512M ST28000NT000 -> 성공(19개 항목)
[hdd] [170/180] pid=98415446 name=Seagate IronWolf Pro 패키지 7200/512M ST28000NT000 -> 성공(19개 항목)
[hdd] [171/180] pid=102005171 name=Western Digital Ultrastar DC HC580 SAS/7200/512M -> 성공(17개 항목)
[hdd] [172/180] pid=102005369 name=Western Digital WD Ultrastar DC HC555 SAS/7200/512M -> 성공(16개 항목)
[hdd] [173/180] pid=102550253 name=Western Digital WD RED Plus 5400/128M -> 성공(19개 항목)
[hdd] [174/180] pid=103811198 name=Seagate IronWolf Pro 7200/512M -> 성공(16개 항목)
[hdd] [175/180] pid=103811207 name=Seagate SkyHawk AI 7200/512M -> 성공(18개 항목)
[hdd] [176/180] pid=104374406 name=Western Digital WD Blue 5400/128M -> 성공(16개 항목)
[hdd] [177/180] pid=104939345 name=Seagate IronWolf Pro 7200/512M 패키지 ST32000NT000 -> 성공(16개 항목)
[hdd] [178/180] pid=104939354 name=Seagate IronWolf Pro 7200/512M 패키지 ST32000NT000 -> 성공(16개 항목)
[hdd] [179/180] pid=104966987 name=Seagate SkyHawk AI 7200/512M 패키지 ST32000VE000 -> 성공(18개 항목)
[hdd] [180/180] pid=122658228 name=Western Digital WD Ultrastar DC HC555 SAS/7200/512M -> 성공(16개 항목)
[power] [1/135] pid=1928673 name=마이크로닉스 Classic II 500W 80PLUS 230V EU -> 성공(17개 항목)
[power] [2/135] pid=1928750 name=마이크로닉스 Classic II 600W 80PLUS 230V EU -> 성공(22개 항목)
[power] [3/135] pid=1966330 name=마이크로닉스 Classic II 700W 80PLUS 230V EU -> 성공(24개 항목)
[power] [4/135] pid=2716389 name=마이크로닉스 Compact SFX 300W 80PLUS브론즈 -> 성공(16개 항목)
[power] [5/135] pid=2717067 name=마이크로닉스 Compact SFX 350W 80PLUS브론즈 -> 성공(17개 항목)
[power] [6/135] pid=3071154 name=마이크로닉스 Performance II HV 850W Bronze -> 성공(24개 항목)
[power] [7/135] pid=4186794 name=마이크로닉스 ZERO POWER 500W -> 성공(16개 항목)
[power] [8/135] pid=5045394 name=마이크로닉스 Performance II PV 500W 80PLUS브론즈 Surge 4K -> 성공(21개 항목)
[power] [9/135] pid=5045425 name=마이크로닉스 Performance II PV 600W 80PLUS브론즈 Surge 4K -> 성공(21개 항목)
[power] [10/135] pid=5045444 name=마이크로닉스 Performance II PV 700W 80PLUS브론즈 Surge 4K -> 성공(22개 항목)
[power] [11/135] pid=5405967 name=마이크로닉스 ZERO PLUS 600W Active PFC -> 성공(18개 항목)
[power] [12/135] pid=5467243 name=마이크로닉스 ZERO PLUS 500W Active PFC -> 성공(18개 항목)
[power] [13/135] pid=6324846 name=마이크로닉스 Compact SFX 450W 80PLUS브론즈 -> 성공(18개 항목)
[power] [14/135] pid=6426892 name=마이크로닉스 Compact SFX 400W 80PLUS브론즈 -> 성공(18개 항목)
[power] [15/135] pid=6461849 name=마이크로닉스 ASTRO PLATINUM 850W 풀모듈러 -> 성공(26개 항목)
[power] [16/135] pid=6461871 name=마이크로닉스 ASTRO PLATINUM 1050W 풀모듈러 -> 성공(25개 항목)
[power] [17/135] pid=6537151 name=마이크로닉스 Performance II PV RGB Sync 600W 80PLUS브론즈 -> 성공(24개 항목)
[power] [18/135] pid=8431077 name=마이크로닉스 Classic II 800W 80PLUS 230V EU -> 성공(23개 항목)
[power] [19/135] pid=9326622 name=마이크로닉스 Classic II 750W 80PLUS브론즈 230V EU HDB -> 성공(25개 항목)
[power] [20/135] pid=10054539 name=마이크로닉스 Performance II HV 850W 80PLUS브론즈 FDB -> 성공(23개 항목)
[power] [21/135] pid=10054617 name=마이크로닉스 Performance II HV 1000W 80PLUS브론즈 FDB -> 성공(23개 항목)
[power] [22/135] pid=10557825 name=마이크로닉스 Performance II PV 500W 80PLUS브론즈 FDB -> 성공(26개 항목)
[power] [23/135] pid=10557888 name=마이크로닉스 Performance II PV 600W 80PLUS브론즈 FDB -> 성공(26개 항목)
[power] [24/135] pid=10557909 name=마이크로닉스 Performance II PV 700W 80PLUS브론즈 FDB -> 성공(26개 항목)
[power] [25/135] pid=10831719 name=마이크로닉스 ASTRO GD 750W 80PLUS골드 풀모듈러 FDB -> 성공(23개 항목)
[power] [26/135] pid=10901664 name=마이크로닉스 Classic II 650W 80PLUS브론즈 230V EU HDB 핑크 -> 성공(22개 항목)
[power] [27/135] pid=10901742 name=마이크로닉스 Classic II 750W 80PLUS브론즈 230V EU HDB 핑크 -> 성공(24개 항목)
[power] [28/135] pid=11226927 name=마이크로닉스 Classic II 600W 80PLUS 230V EU 화이트 -> 성공(22개 항목)
[power] [29/135] pid=11227005 name=마이크로닉스 Classic II 700W 80PLUS 230V EU 화이트 -> 성공(22개 항목)
[power] [30/135] pid=11844925 name=마이크로닉스 ASTRO GD 750W 80PLUS골드 풀모듈러 FDB 화이트 -> 성공(24개 항목)
[power] [31/135] pid=12076481 name=마이크로닉스 COOLMAX VISION 600W HDB -> 성공(17개 항목)
[power] [32/135] pid=12076526 name=마이크로닉스 COOLMAX VISION 700W HDB -> 성공(16개 항목)
[power] [33/135] pid=13585271 name=마이크로닉스 COOLMAX FOCUS PRO 600W 80PLUS 230V EU -> 성공(19개 항목)
[power] [34/135] pid=13934357 name=마이크로닉스 Classic II 풀체인지 700W 80PLUS브론즈 230V EU -> 성공(30개 항목)
[power] [35/135] pid=15046910 name=마이크로닉스 Classic II 750W 80PLUS골드 230V EU -> 성공(20개 항목)
[power] [36/135] pid=16000562 name=마이크로닉스 ASTRO GD 650W 80PLUS골드 풀모듈러 FDB 화이트 -> 성공(23개 항목)
[power] [37/135] pid=16566995 name=마이크로닉스 COOLMAX VISION II 500W -> 성공(17개 항목)
[power] [38/135] pid=16567067 name=마이크로닉스 COOLMAX VISION II 600W -> 성공(17개 항목)
[power] [39/135] pid=16567166 name=마이크로닉스 COOLMAX VISION II 700W -> 성공(17개 항목)
[power] [40/135] pid=16567229 name=마이크로닉스 COOLMAX VISION II 800W -> 성공(17개 항목)
[power] [41/135] pid=17052830 name=마이크로닉스 COOLMAX FOCUS II 700W ETA BRONZE -> 성공(20개 항목)
[power] [42/135] pid=17052878 name=마이크로닉스 COOLMAX FOCUS II 800W ETA BRONZE -> 성공(20개 항목)
[power] [43/135] pid=18005060 name=마이크로닉스 ASTRO II GD 1650W 80PLUS골드 풀모듈러 ATX3.0 -> 성공(26개 항목)
[power] [44/135] pid=18741254 name=마이크로닉스 WIZMAX 750W 80PLUS실버 -> 성공(22개 항목)
[power] [45/135] pid=18741287 name=마이크로닉스 WIZMAX 850W 80PLUS실버 -> 성공(22개 항목)
[power] [46/135] pid=19813763 name=darkFlash UPMOST 750W 80PLUS골드 풀모듈러 블랙 -> 성공(21개 항목)
[power] [47/135] pid=19813847 name=darkFlash UPMOST 750W 80PLUS골드 풀모듈러 화이트 -> 성공(21개 항목)
[power] [48/135] pid=19814000 name=darkFlash UPMOST 850W 80PLUS골드 풀모듈러 블랙 -> 성공(21개 항목)
[power] [49/135] pid=19814027 name=darkFlash UPMOST 850W 80PLUS골드 풀모듈러 화이트 -> 성공(22개 항목)
[power] [50/135] pid=19961018 name=마이크로닉스 COOLMAX P-850W 80PLUS플래티넘 ATX3.0 -> 성공(23개 항목)
[power] [51/135] pid=19961321 name=마이크로닉스 COOLMAX P-1050W 80PLUS플래티넘 ATX3.0 -> 성공(23개 항목)
[power] [52/135] pid=20009693 name=마이크로닉스 COOLMAX FOCUS II 900W ETA SILVER PCIE5 -> 성공(21개 항목)
[power] [53/135] pid=20010002 name=마이크로닉스 COOLMAX FOCUS II 800W ETA BRONZE PCIE5.1 -> 성공(22개 항목)
[power] [54/135] pid=20010086 name=마이크로닉스 COOLMAX FOCUS II 700W ETA BRONZE PCIE5.1 -> 성공(22개 항목)
[power] [55/135] pid=20628080 name=마이크로닉스 WIZMAX 750W 80PLUS실버 ATX3.0 -> 성공(23개 항목)
[power] [56/135] pid=20628194 name=마이크로닉스 WIZMAX 850W 80PLUS실버 ATX3.0 -> 성공(23개 항목)
[power] [57/135] pid=20709257 name=darkFlash UPMOST 850W 80PLUS골드 풀모듈러 ATX3.0 블랙 -> 성공(23개 항목)
[power] [58/135] pid=20709380 name=darkFlash UPMOST 850W 80PLUS골드 풀모듈러 ATX3.0 화이트 -> 성공(23개 항목)
[power] [59/135] pid=21547862 name=darkFlash UPMOST 1050W 80PLUS골드 풀모듈러 ATX3.0 블랙 -> 성공(24개 항목)
[power] [60/135] pid=21547892 name=darkFlash UPMOST 1050W 80PLUS골드 풀모듈러 ATX3.0 화이트 -> 성공(24개 항목)
[power] [61/135] pid=21651302 name=darkFlash SAVEMOST 500W 블랙 -> 성공(19개 항목)
[power] [62/135] pid=21651443 name=darkFlash SAVEMOST 600W 블랙 -> 성공(19개 항목)
[power] [63/135] pid=21651530 name=darkFlash SAVEMOST 700W 블랙 -> 성공(19개 항목)
[power] [64/135] pid=27941540 name=darkFlash SAVEMOST 600W 80PLUS스탠다드 -> 성공(21개 항목)
[power] [65/135] pid=27941621 name=darkFlash SAVEMOST 700W 80PLUS스탠다드 -> 성공(21개 항목)
[power] [66/135] pid=27942059 name=마이크로닉스 ASTRO II PT 850W 80PLUS플래티넘 풀모듈러 ATX3.0 -> 성공(24개 항목)
[power] [67/135] pid=27942170 name=마이크로닉스 ASTRO II PT 1000W 80PLUS플래티넘 풀모듈러 ATX3.0 -> 성공(24개 항목)
[power] [68/135] pid=28549583 name=마이크로닉스 COOLMAX FOCUS II 500W ETA BRONZE -> 성공(18개 항목)
[power] [69/135] pid=29082194 name=마이크로닉스 CASLON M 750W 80PLUS실버 모듈러 ATX3.0 -> 성공(24개 항목)
[power] [70/135] pid=29084696 name=마이크로닉스 CASLON M 850W 80PLUS실버 모듈러 ATX3.0 -> 성공(24개 항목)
[power] [71/135] pid=29340080 name=darkFlash UPMOST 1250W 80PLUS골드 풀모듈러 ATX3.0 블랙 -> 성공(23개 항목)
[power] [72/135] pid=29340092 name=darkFlash UPMOST 1250W 80PLUS골드 풀모듈러 ATX3.0 화이트 -> 성공(23개 항목)
[power] [73/135] pid=33386042 name=마이크로닉스 ASTRO II PT 1300W 80PLUS플래티넘 풀모듈러 ATX3.1 -> 성공(23개 항목)
[power] [74/135] pid=44906339 name=마이크로닉스 Classic II 풀체인지 700W 80PLUS브론즈 ATX3.1 화이트 -> 성공(25개 항목)
[power] [75/135] pid=44906423 name=SilverStone HELA 2050R Platinum ATX3.1 마이크로닉스 -> 성공(19개 항목)
[power] [76/135] pid=46888478 name=마이크로닉스 Classic II 풀체인지 600W 80PLUS브론즈 ATX3.1 화이트 -> 성공(27개 항목)
[power] [77/135] pid=47487848 name=마이크로닉스 Classic II 850W 80PLUS골드 풀모듈러 ATX3.1 화이트 -> 성공(26개 항목)
[power] [78/135] pid=49642352 name=마이크로닉스 Classic II 풀체인지 500W 80PLUS브론즈 ATX3.1 -> 성공(24개 항목)
[power] [79/135] pid=49642652 name=마이크로닉스 Classic II 풀체인지 600W 80PLUS브론즈 ATX3.1 -> 성공(24개 항목)
[power] [80/135] pid=49642700 name=마이크로닉스 Classic II 풀체인지 700W 80PLUS브론즈 ATX3.1 -> 성공(26개 항목)
[power] [81/135] pid=49642751 name=마이크로닉스 Classic II 풀체인지 800W 80PLUS브론즈 ATX3.1 -> 성공(25개 항목)
[power] [82/135] pid=50124029 name=마이크로닉스 Classic II 풀체인지 800W 80PLUS브론즈 ATX3.1 화이트 -> 성공(25개 항목)
[power] [83/135] pid=51815078 name=마이크로닉스 Classic II 850W 80PLUS골드 풀모듈러 ATX3.1 -> 성공(26개 항목)
[power] [84/135] pid=51817283 name=마이크로닉스 COOLMAX FOCUS II 600W ETA BRONZE -> 성공(19개 항목)
[power] [85/135] pid=54314609 name=마이크로닉스 Classic II 750W 80PLUS골드 풀모듈러 ATX3.1 화이트 -> 성공(24개 항목)
[power] [86/135] pid=58913891 name=마이크로닉스 Classic II 750W 80PLUS골드 풀모듈러 ATX3.1 -> 성공(25개 항목)
[power] [87/135] pid=60170783 name=darkFlash SAVEMOST 600W 80PLUS스탠다드 벌크 -> 성공(21개 항목)
[power] [88/135] pid=60170801 name=darkFlash SAVEMOST 700W 80PLUS스탠다드 벌크 -> 성공(21개 항목)
[power] [89/135] pid=63029591 name=마이크로닉스 Classic II 1050W 80PLUS골드 풀모듈러 ATX3.1 -> 성공(28개 항목)
[power] [90/135] pid=63482117 name=마이크로닉스 Classic II 풀체인지 900W 80PLUS실버 ATX3.1 -> 성공(23개 항목)
[power] [91/135] pid=69468953 name=마이크로닉스 Classic II 1050W 80PLUS골드 풀모듈러 ATX3.1 화이트 -> 성공(27개 항목)
[power] [92/135] pid=72979838 name=마이크로닉스 Classic II 풀체인지 750W 80PLUS스탠다드 ATX3.1 -> 성공(21개 항목)
[power] [93/135] pid=72979889 name=마이크로닉스 Classic II 풀체인지 650W 80PLUS스탠다드 ATX3.1 -> 성공(20개 항목)
[power] [94/135] pid=72979961 name=마이크로닉스 Classic II 풀체인지 550W 80PLUS스탠다드 ATX3.1 -> 성공(20개 항목)
[power] [95/135] pid=74484749 name=마이크로닉스 WIZMAX 750W 80PLUS실버 ATX3.1 -> 성공(23개 항목)
[power] [96/135] pid=74484791 name=마이크로닉스 WIZMAX 850W 80PLUS실버 ATX3.1 -> 성공(23개 항목)
[power] [97/135] pid=75938597 name=darkFlash 퍼펙트모스트 750W 80PLUS골드 풀모듈러 ATX3.1 블랙 -> 성공(22개 항목)
[power] [98/135] pid=75938603 name=darkFlash 퍼펙트모스트 750W 80PLUS골드 풀모듈러 ATX3.1 화이트 -> 성공(22개 항목)
[power] [99/135] pid=75938642 name=darkFlash 퍼펙트모스트 850W 80PLUS골드 풀모듈러 ATX3.1 블랙 -> 성공(24개 항목)
[power] [100/135] pid=75938654 name=darkFlash 퍼펙트모스트 850W 80PLUS골드 풀모듈러 ATX3.1 화이트 -> 성공(24개 항목)
[power] [101/135] pid=75939377 name=마이크로닉스 Classic II 1000W 80PLUS플래티넘 ATX3.1 -> 성공(21개 항목)
[power] [102/135] pid=78174245 name=마이크로닉스 Classic II 1300W 80PLUS플래티넘 ATX3.1 -> 성공(27개 항목)
[power] [103/135] pid=88232360 name=마이크로닉스 Classic II 750W 80PLUS실버 모듈러 ATX3.1 -> 성공(23개 항목)
[power] [104/135] pid=88232459 name=마이크로닉스 Classic II 850W 80PLUS실버 모듈러 ATX3.1 -> 성공(23개 항목)
[power] [105/135] pid=89862101 name=마이크로닉스 WIZMAX P-2500W 80PLUS플래티넘 ATX3.1 -> 성공(22개 항목)
[power] [106/135] pid=90643544 name=마이크로닉스 WIZMAX G-850W 80PLUS골드 ATX3.1 -> 성공(26개 항목)
[power] [107/135] pid=90643607 name=마이크로닉스 WIZMAX G-1000W 80PLUS골드 ATX3.1 -> 성공(26개 항목)
[power] [108/135] pid=92482040 name=마이크로닉스 WIZMAX G-1200W 80PLUS골드 ATX3.1 -> 성공(26개 항목)
[power] [109/135] pid=96772910 name=마이크로닉스 Classic II 1200W 80PLUS골드 풀모듈러 ATX3.1 -> 성공(26개 항목)
[power] [110/135] pid=96986219 name=마이크로닉스 Classic II 풀체인지 500W 80PLUS실버 ATX3.1 -> 성공(21개 항목)
[power] [111/135] pid=96986270 name=마이크로닉스 Classic II 풀체인지 600W 80PLUS실버 ATX3.1 -> 성공(21개 항목)
[power] [112/135] pid=96986309 name=마이크로닉스 Classic II 풀체인지 700W 80PLUS실버 ATX3.1 -> 성공(22개 항목)
[power] [113/135] pid=96986339 name=마이크로닉스 Classic II 풀체인지 800W 80PLUS실버 ATX3.1 -> 성공(22개 항목)
[power] [114/135] pid=97356671 name=darkFlash 퍼펙트모스트 700W 80PLUS브론즈 ATX3.1 블랙 -> 성공(23개 항목)
[power] [115/135] pid=97356686 name=darkFlash 퍼펙트모스트 700W 80PLUS브론즈 ATX3.1 화이트 -> 성공(23개 항목)
[power] [116/135] pid=97356731 name=darkFlash 퍼펙트모스트 800W 80PLUS브론즈 ATX3.1 블랙 -> 성공(23개 항목)
[power] [117/135] pid=97356740 name=darkFlash 퍼펙트모스트 800W 80PLUS브론즈 ATX3.1 화이트 -> 성공(23개 항목)
[power] [118/135] pid=97566449 name=마이크로닉스 MTFX400STE08S 벌크 -> 성공(17개 항목)
[power] [119/135] pid=97954838 name=마이크로닉스 Classic II 1200W 80PLUS골드 풀모듈러 화이트 ATX3.1 -> 성공(26개 항목)
[power] [120/135] pid=98242712 name=마이크로닉스 WIZMAX G-1650W 80PLUS골드 ATX3.1 -> 성공(26개 항목)
[power] [121/135] pid=98760803 name=마이크로닉스 COOLMAX ELITE II 500W -> 성공(17개 항목)
[power] [122/135] pid=98760842 name=마이크로닉스 COOLMAX ELITE II 600W -> 성공(17개 항목)
[power] [123/135] pid=99732404 name=마이크로닉스 COOLMAX FOCUS II 700W ETA브론즈 ATX3.1 -> 성공(21개 항목)
[power] [124/135] pid=99732446 name=마이크로닉스 COOLMAX FOCUS II 800W ETA실버 ATX3.1 -> 성공(21개 항목)
[power] [125/135] pid=99732509 name=마이크로닉스 COOLMAX FOCUS II 900W ETA실버 ATX3.1 -> 성공(21개 항목)
[power] [126/135] pid=101188547 name=마이크로닉스 COOLMAX P-1050W 80PLUS플래티넘 ATX3.1 -> 성공(24개 항목)
[power] [127/135] pid=103480535 name=마이크로닉스 COOLMAX ELITE II 700W -> 성공(16개 항목)
[power] [128/135] pid=104939303 name=마이크로닉스 Classic II 풀체인지 800W 80PLUS실버 ATX3.1 화이트 -> 성공(22개 항목)
[power] [129/135] pid=105679316 name=마이크로닉스 Compact SFX 700W 80PLUS플래티넘 풀모듈러 ATX 3.1 -> 성공(20개 항목)
[power] [130/135] pid=122634611 name=마이크로닉스 ASTRO II PT 850W 80PLUS플래티넘 풀모듈러 ATX3.1 -> 성공(24개 항목)
[power] [131/135] pid=122634894 name=마이크로닉스 ASTRO II PT 1000W 80PLUS플래티넘 풀모듈러 ATX3.1 -> 성공(24개 항목)
[power] [132/135] pid=122639254 name=마이크로닉스 WIZMAX S-EVO 700W ETA실버 풀모듈러 ATX 3.1 -> 성공(20개 항목)
[power] [133/135] pid=122693350 name=마이크로닉스 Classic II 풀체인지 700W 80PLUS실버 ATX3.1 화이트 -> 성공(22개 항목)
[power] [134/135] pid=122720233 name=마이크로닉스 WIZMAX 750W 80PLUS골드 ATX3.1 -> 성공(19개 항목)
[power] [135/135] pid=122720249 name=마이크로닉스 WIZMAX 850W 80PLUS골드 ATX3.1 -> 성공(19개 항목)
[cooler] [1/103] pid=3528606 name=DEEPCOOL RGB 330 LED -> 성공(4개 항목)
[cooler] [2/103] pid=3531783 name=DEEPCOOL GAMMAXX 200T -> 성공(24개 항목)
[cooler] [3/103] pid=4089021 name=DEEPCOOL RGB 350 COLOR LED -> 성공(5개 항목)
[cooler] [4/103] pid=5303268 name=DEEPCOOL GAMMAXX 300R LED -> 성공(26개 항목)
[cooler] [5/103] pid=5501229 name=DEEPCOOL RF120 RGB 아우라 싱크 PWM -> 성공(15개 항목)
[cooler] [6/103] pid=6016437 name=DEEPCOOL GAMER STORM MF120 RGB -> 성공(13개 항목)
[cooler] [7/103] pid=6291805 name=DEEPCOOL CF120 RGB -> 성공(16개 항목)
[cooler] [8/103] pid=6566680 name=DEEPCOOL GAMER STORM CAPTAIN 240 PRO -> 성공(27개 항목)
[cooler] [9/103] pid=6566760 name=DEEPCOOL RF120M RGB 아우라 싱크 PWM -> 성공(17개 항목)
[cooler] [10/103] pid=6721210 name=PCCOOLER RHS-03 구리 방열판 -> 성공(3개 항목)
[cooler] [11/103] pid=6830146 name=DEEPCOOL GAMER STORM CASTLE 360 RGB -> 성공(25개 항목)
[cooler] [12/103] pid=6996823 name=DEEPCOOL FH-04 FAN HUB -> 성공(7개 항목)
[cooler] [13/103] pid=7202719 name=PCCOOLER CORONA -> 성공(16개 항목)
[cooler] [14/103] pid=7202854 name=PCCOOLER HALO -> 성공(16개 항목)
[cooler] [15/103] pid=8063086 name=DEEPCOOL GAMER STORM G15 -> 성공(5개 항목)
[cooler] [16/103] pid=8063131 name=DEEPCOOL GAMER STORM G40 -> 성공(5개 항목)
[cooler] [17/103] pid=8300856 name=DEEPCOOL GAMER STORM CASTLE 240 RGB V2 -> 성공(30개 항목)
[cooler] [18/103] pid=9434892 name=DEEPCOOL GAMER STORM CASTLE 240EX -> 성공(34개 항목)
[cooler] [19/103] pid=9870876 name=DEEPCOOL GAMER STORM CASTLE 360EX -> 성공(34개 항목)
[cooler] [20/103] pid=11276571 name=DEEPCOOL MF120GT -> 성공(15개 항목)
[cooler] [21/103] pid=11709143 name=DEEPCOOL GAMER STORM TF140S -> 성공(13개 항목)
[cooler] [22/103] pid=13843778 name=DEEPCOOL CF120 PLUS -> 성공(15개 항목)
[cooler] [23/103] pid=14110475 name=PCCOOLER PALADIN 400 -> 성공(33개 항목)
[cooler] [24/103] pid=14705225 name=PCCOOLER PALADIN 400 ARGB -> 성공(32개 항목)
[cooler] [25/103] pid=14981114 name=DEEPCOOL CASTLE 240EX ARGB -> 성공(37개 항목)
[cooler] [26/103] pid=14981498 name=DEEPCOOL CASTLE 360EX ARGB -> 성공(37개 항목)
[cooler] [27/103] pid=15258752 name=DEEPCOOL UD551 ARGB -> 성공(24개 항목)
[cooler] [28/103] pid=15279728 name=DEEPCOOL AK620 -> 성공(30개 항목)
[cooler] [29/103] pid=17002862 name=PCCOOLER PALADIN EX400 ARGB -> 성공(32개 항목)
[cooler] [30/103] pid=17004971 name=PCCOOLER EF120 ARGB -> 성공(17개 항목)
[cooler] [31/103] pid=17057594 name=DEEPCOOL LS720 ARGB -> 성공(36개 항목)
[cooler] [32/103] pid=17182961 name=PCCOOLER PALADIN S9 ARGB -> 성공(36개 항목)
[cooler] [33/103] pid=17438276 name=DEEPCOOL LS520 ARGB -> 성공(32개 항목)
[cooler] [34/103] pid=17450348 name=DEEPCOOL AG620 -> 성공(30개 항목)
[cooler] [35/103] pid=17707277 name=DEEPCOOL AK400 -> 성공(30개 항목)
[cooler] [36/103] pid=17808380 name=DEEPCOOL AG400 ARGB -> 성공(30개 항목)
[cooler] [37/103] pid=18017396 name=DEEPCOOL AK500 ZERO DARK -> 성공(27개 항목)
[cooler] [38/103] pid=18677135 name=PCCOOLER PALADIN BCF -> 성공(5개 항목)
[cooler] [39/103] pid=19059212 name=DEEPCOOL LT520 -> 성공(31개 항목)
[cooler] [40/103] pid=19059248 name=DEEPCOOL LT720 -> 성공(34개 항목)
[cooler] [41/103] pid=19282190 name=PCCOOLER PALADIN EX400 -> 성공(27개 항목)
[cooler] [42/103] pid=19307408 name=PCCOOLER P120 PRO -> 성공(15개 항목)
[cooler] [43/103] pid=19709420 name=PCCOOLER G6 -> 성공(36개 항목)
[cooler] [44/103] pid=19752542 name=DEEPCOOL AM5 Thermal Paste Guard -> 성공(6개 항목)
[cooler] [45/103] pid=28621370 name=DEEPCOOL ASSASSIN 4 -> 성공(34개 항목)
[cooler] [46/103] pid=28885925 name=PCCOOLER CPS DE360 -> 성공(35개 항목)
[cooler] [47/103] pid=29975516 name=PCCOOLER PALADIN EX400S -> 성공(37개 항목)
[cooler] [48/103] pid=31431347 name=DEEPCOOL AG400 DIGITAL -> 성공(34개 항목)
[cooler] [49/103] pid=31464632 name=DEEPCOOL AG620 DIGITAL -> 성공(33개 항목)
[cooler] [50/103] pid=31464851 name=DEEPCOOL AG620 DIGITAL ARGB -> 성공(34개 항목)
[cooler] [51/103] pid=31983671 name=DEEPCOOL AN600 -> 성공(33개 항목)
[cooler] [52/103] pid=37926617 name=DEEPCOOL LD360 -> 성공(36개 항목)
[cooler] [53/103] pid=48925325 name=DEEPCOOL ASSASSIN 4S -> 성공(34개 항목)
[cooler] [54/103] pid=51816119 name=DEEPCOOL MYSTIQUE 240 -> 성공(38개 항목)
[cooler] [55/103] pid=60418736 name=DEEPCOOL AK400 DIGITAL PRO -> 성공(35개 항목)
[cooler] [56/103] pid=61423475 name=DEEPCOOL AK620 DIGITAL PRO -> 성공(37개 항목)
[cooler] [57/103] pid=61440650 name=PCCOOLER CPS R400 ARGB -> 성공(35개 항목)
[cooler] [58/103] pid=62273768 name=PCCOOLER CPS DA360 ARGB -> 성공(34개 항목)
[cooler] [59/103] pid=63143258 name=DEEPCOOL MYSTIQUE 360 -> 성공(39개 항목)
[cooler] [60/103] pid=63560096 name=PCCOOLER CPS RC400-53 -> 성공(35개 항목)
[cooler] [61/103] pid=65966438 name=PCCOOLER CPS RT400 -> 성공(33개 항목)
[cooler] [62/103] pid=68792027 name=DEEPCOOL MYSTIQUE 360 ARGB -> 성공(38개 항목)
[cooler] [63/103] pid=69053876 name=PCCOOLER CPS RZ820 -> 성공(31개 항목)
[cooler] [64/103] pid=70532753 name=PCCOOLER PALADIN 400 DIGITAL -> 성공(34개 항목)
[cooler] [65/103] pid=71426321 name=DEEPCOOL LQ360 -> 성공(34개 항목)
[cooler] [66/103] pid=71905385 name=DEEPCOOL LP360 -> 성공(34개 항목)
[cooler] [67/103] pid=72592505 name=DEEPCOOL ASSASSIN 4 VC VISION -> 성공(35개 항목)
[cooler] [68/103] pid=73250906 name=PCCOOLER CPS DC360 PRO ARGB DISPLAY -> 성공(34개 항목)
[cooler] [69/103] pid=75541427 name=PCCOOLER R4000-I -> 성공(35개 항목)
[cooler] [70/103] pid=76947149 name=PCCOOLER CPS F3 T120 ARGB -> 성공(19개 항목)
[cooler] [71/103] pid=77019773 name=DEEPCOOL AG400 오토 RGB -> 성공(34개 항목)
[cooler] [72/103] pid=78534764 name=DEEPCOOL LQ360 ULTRA -> 성공(34개 항목)
[cooler] [73/103] pid=81037499 name=DEEPCOOL LE360 V2 ARGB -> 성공(32개 항목)
[cooler] [74/103] pid=89526341 name=DEEPCOOL LE240 V2 ARGB -> 성공(33개 항목)
[cooler] [75/103] pid=89526596 name=DEEPCOOL LQ240 ULTRA -> 성공(34개 항목)
[cooler] [76/103] pid=91038206 name=DEEPCOOL FL12 -> 성공(18개 항목)
[cooler] [77/103] pid=93445739 name=DEEPCOOL FL12R -> 성공(18개 항목)
[cooler] [78/103] pid=94446230 name=DEEPCOOL FT12 -> 성공(17개 항목)
[cooler] [79/103] pid=94450874 name=DEEPCOOL FT14 -> 성공(17개 항목)
[cooler] [80/103] pid=95201030 name=DEEPCOOL AK620 DIGITAL SE -> 성공(37개 항목)
[cooler] [81/103] pid=96059513 name=PCCOOLER CPS RT620 PRO 카본스틸 -> 성공(35개 항목)
[cooler] [82/103] pid=96584288 name=DEEPCOOL LM360 -> 성공(36개 항목)
[cooler] [83/103] pid=97839587 name=DEEPCOOL AK400 DIGITAL SE -> 성공(33개 항목)
[cooler] [84/103] pid=99287507 name=DEEPCOOL ASSASSIN VC ELITE -> 성공(34개 항목)
[cooler] [85/103] pid=99743453 name=DEEPCOOL AK620 G2 DIGITAL NYX -> 성공(34개 항목)
[cooler] [86/103] pid=99886364 name=DEEPCOOL AK620 G2 -> 성공(33개 항목)
[cooler] [87/103] pid=99886484 name=DEEPCOOL AK700 DIGITAL NYX -> 성공(30개 항목)
[cooler] [88/103] pid=99886496 name=DEEPCOOL AK700 DIGITAL -> 성공(30개 항목)
[cooler] [89/103] pid=100619627 name=DEEPCOOL AK400 G2 DIGITAL NYX -> 성공(30개 항목)
[cooler] [90/103] pid=100619651 name=DEEPCOOL AK400 G2 -> 성공(29개 항목)
[cooler] [91/103] pid=101073269 name=PCCOOLER CPS RT620 PRO ARGB 카본스틸 -> 성공(37개 항목)
[cooler] [92/103] pid=103237556 name=PCCOOLER CPS RT400 TCL FULL ARGB -> 성공(35개 항목)
[cooler] [93/103] pid=105679832 name=DEEPCOOL AG620 G2 -> 성공(28개 항목)
[cooler] [94/103] pid=106047347 name=DEEPCOOL AG400 G2 -> 성공(30개 항목)
[cooler] [95/103] pid=106735007 name=DEEPCOOL LT360 VISION ARGB -> 성공(34개 항목)
[cooler] [96/103] pid=108409373 name=PCCOOLER EX90 -> 성공(8개 항목)
[cooler] [97/103] pid=108420584 name=DEEPCOOL LE360 V2 ZERO DARK -> 성공(29개 항목)
[cooler] [98/103] pid=122618419 name=PCCOOLER CPS RZ820 DISPLAY -> 성공(32개 항목)
[cooler] [99/103] pid=122623435 name=DEEPCOOL AG400 G2 ARGB -> 성공(30개 항목)
[cooler] [100/103] pid=122630308 name=DEEPCOOL AG620 G2 ARGB -> 성공(30개 항목)
[cooler] [101/103] pid=122635400 name=DEEPCOOL SPARTACUS 360 -> 성공(34개 항목)
[cooler] [102/103] pid=122636218 name=DEEPCOOL SPARTACUS 420 -> 성공(34개 항목)
[cooler] [103/103] pid=122677577 name=DEEPCOOL FD12 V2 -> 성공(16개 항목)
[case] [1/114] pid=2932047 name=앱코 NCORE NBOX 탱고 -> 성공(17개 항목)
[case] [2/114] pid=4033315 name=앱코 NCORE 픽셀 -> 성공(15개 항목)
[case] [3/114] pid=4088685 name=앱코 NCORE 알리 -> 성공(16개 항목)
[case] [4/114] pid=5718431 name=앱코 SUITMASTER 361G 칼리스토 강화유리 DOUBLING -> 성공(24개 항목)
[case] [5/114] pid=8043859 name=앱코 NCORE 언더바 -> 성공(19개 항목)
[case] [6/114] pid=8577818 name=앱코 SUITMASTER 321X 듀얼리티 강화유리 스펙트럼 Dualight -> 성공(24개 항목)
[case] [7/114] pid=9376470 name=darkFlash DLM21 RGB MESH 강화유리 -> 성공(29개 항목)
[case] [8/114] pid=9456939 name=앱코 SUITMASTER 322S 인테이커 강화유리 스펙트럼 Dualight -> 성공(23개 항목)
[case] [9/114] pid=9916125 name=앱코 SUITMASTER 760S 어트랙션 강화유리 스펙트럼 Duplex -> 성공(26개 항목)
[case] [10/114] pid=10487241 name=앱코 NCORE 미라클 강화유리 LUMIA -> 성공(24개 항목)
[case] [11/114] pid=10558761 name=앱코 SUITMASTER TA210 플라즈마 아크릴 LUNAR -> 성공(24개 항목)
[case] [12/114] pid=11626910 name=앱코 NCORE 커넬 강화유리 -> 성공(24개 항목)
[case] [13/114] pid=11884168 name=darkFlash DLX21 RGB MESH 강화유리 -> 성공(25개 항목)
[case] [14/114] pid=12192491 name=darkFlash VB-X 라이저 케이블 지지대 KIT -> 성공(4개 항목)
[case] [15/114] pid=12648995 name=앱코 SUITMASTER AL300M 강화유리 -> 성공(24개 항목)
[case] [16/114] pid=12689864 name=앱코 SUITMASTER AL1000 -> 성공(24개 항목)
[case] [17/114] pid=12985601 name=darkFlash DLH21 -> 성공(23개 항목)
[case] [18/114] pid=13381619 name=darkFlash DK200 RGB 강화유리 -> 성공(28개 항목)
[case] [19/114] pid=14799467 name=앱코 PUBG 배틀그라운드 하자드 에디션 -> 성공(22개 항목)
[case] [20/114] pid=15050393 name=앱코 SUITMASTER P1000 강화유리 -> 성공(23개 항목)
[case] [21/114] pid=15063971 name=앱코 NCORE G30 트루포스 -> 성공(23개 항목)
[case] [22/114] pid=15319016 name=앱코 NCORE S10M 사일런티 II -> 성공(20개 항목)
[case] [23/114] pid=15894449 name=앱코 SUITMASTER H2000 스마트 쿨링 -> 성공(21개 항목)
[case] [24/114] pid=16542008 name=darkFlash DK1000 MESH 강화유리 -> 성공(21개 항목)
[case] [25/114] pid=16604054 name=앱코 SUITMASTER V2000 베놈 ARGB -> 성공(26개 항목)
[case] [26/114] pid=16676309 name=darkFlash DK210 그래피티 ARGB 강화유리 -> 성공(25개 항목)
[case] [27/114] pid=16687646 name=앱코 SUITMASTER V3000 베놈 ARGB -> 성공(27개 항목)
[case] [28/114] pid=17525405 name=darkFlash DLX200 MESH RGB 강화유리 -> 성공(26개 항목)
[case] [29/114] pid=17584163 name=darkFlash VB-X 4.0 라이저 케이블 지지대 KIT 215mm -> 성공(4개 항목)
[case] [30/114] pid=17669537 name=darkFlash DF7100 VB-F 4.0 라이저 케이블 지지대 KIT -> 성공(6개 항목)
[case] [31/114] pid=17783147 name=darkFlash DK360 MESH RGB 강화유리 -> 성공(25개 항목)
[case] [32/114] pid=17840990 name=darkFlash DLM200 MESH PERFORMANCE 강화유리 -> 성공(22개 항목)
[case] [33/114] pid=17954255 name=darkFlash DS2000 MESH 강화유리 -> 성공(23개 항목)
[case] [34/114] pid=17976938 name=darkFlash DK110 -> 성공(18개 항목)
[case] [35/114] pid=17989919 name=darkFlash LP20 ARGB PANEL -> 성공(6개 항목)
[case] [36/114] pid=18053684 name=darkFlash DK200 RGB ADVANCED 강화유리 -> 성공(24개 항목)
[case] [37/114] pid=18190976 name=darkFlash DS5000 MESH 강화유리 -> 성공(23개 항목)
[case] [38/114] pid=18412487 name=앱코 SUITMASTER U1000 ONE ARGB -> 성공(25개 항목)
[case] [39/114] pid=18515747 name=darkFlash DS5000 전면 강화유리 KIT -> 성공(5개 항목)
[case] [40/114] pid=18769988 name=darkFlash DNX700 MESH RGB -> 성공(23개 항목)
[case] [41/114] pid=18922775 name=darkFlash DNM600 MESH RGB -> 성공(26개 항목)
[case] [42/114] pid=18922919 name=darkFlash DNM600 MAX MESH RGB -> 성공(26개 항목)
[case] [43/114] pid=20255537 name=darkFlash DF2100 MESH RGB 강화유리 -> 성공(24개 항목)
[case] [44/114] pid=21583046 name=앱코 SUITMASTER U3000 갤러리 ARGB 강화유리 -> 성공(20개 항목)
[case] [45/114] pid=27762230 name=앱코 G21M 니트 -> 성공(23개 항목)
[case] [46/114] pid=27922328 name=앱코 O20M 오피스 -> 성공(19개 항목)
[case] [47/114] pid=28058570 name=앱코 G15 세이퍼 아크릴 -> 성공(24개 항목)
[case] [48/114] pid=28212629 name=darkFlash DLM4000 GLASS -> 성공(23개 항목)
[case] [49/114] pid=29905487 name=앱코 SUITMASTER M2000 NOVA ARGB 강화유리 -> 성공(24개 항목)
[case] [50/114] pid=30140324 name=앱코 NCORE R320 SYNC -> 성공(28개 항목)
[case] [51/114] pid=31412510 name=앱코 O10M 오피스 라이트 -> 성공(20개 항목)
[case] [52/114] pid=31413674 name=darkFlash DRX70 MESH RGB 강화유리 -> 성공(23개 항목)
[case] [53/114] pid=31646423 name=앱코 G20 에픽 강화유리 -> 성공(23개 항목)
[case] [54/114] pid=31986053 name=앱코 G25 매그넘 강화유리 -> 성공(25개 항목)
[case] [55/114] pid=32861129 name=darkFlash DS900 ARGB 강화유리 -> 성공(27개 항목)
[case] [56/114] pid=32865761 name=앱코 U20 큐빅 강화유리 -> 성공(24개 항목)
[case] [57/114] pid=34336412 name=앱코 SUITMASTER U3000M 갤러리 미니 리버스 ARGB BTF -> 성공(24개 항목)
[case] [58/114] pid=36935618 name=darkFlash DK290 Air MESH RGB 강화유리 -> 성공(25개 항목)
[case] [59/114] pid=37693031 name=darkFlash DF5000 VB-F 4.0 라이저 케이블 지지대 KIT -> 성공(5개 항목)
[case] [60/114] pid=41495963 name=앱코 SUITMASTER M3000 뉴본 ARGB 강화유리 -> 성공(24개 항목)
[case] [61/114] pid=49645922 name=darkFlash DRX90 MESH RGB 강화유리 -> 성공(24개 항목)
[case] [62/114] pid=53417006 name=darkFlash DPX90 ARGB 강화유리 -> 성공(24개 항목)
[case] [63/114] pid=53783243 name=앱코 U30 마린 -> 성공(25개 항목)
[case] [64/114] pid=56138000 name=앱코 U20M 큐빅 미니 -> 성공(25개 항목)
[case] [65/114] pid=57307040 name=darkFlash DPW90M ARGB 강화유리 -> 성공(24개 항목)
[case] [66/114] pid=59762132 name=darkFlash DK301M RGB MESH 강화유리 -> 성공(24개 항목)
[case] [67/114] pid=60063428 name=darkFlash PCIe 4.0 라이저 케이블 -> 성공(2개 항목)
[case] [68/114] pid=60321872 name=darkFlash DS900M RGB 강화유리 -> 성공(24개 항목)
[case] [69/114] pid=62071772 name=darkFlash DMO11 -> 성공(18개 항목)
[case] [70/114] pid=64392029 name=앱코 U40M 웨일샤크 ARGB BTF -> 성공(25개 항목)
[case] [71/114] pid=68440877 name=darkFlash DY470 ARGB 강화유리 -> 성공(22개 항목)
[case] [72/114] pid=68574671 name=앱코 UD50 블루웨일 ARGB BTF -> 성공(22개 항목)
[case] [73/114] pid=68577197 name=darkFlash GCB470 라이저 케이블 지지대 KIT -> 성공(5개 항목)
[case] [74/114] pid=70874867 name=darkFlash DRX50 MESH RGB 강화유리 -> 성공(24개 항목)
[case] [75/114] pid=71904314 name=darkFlash DP360 MESH RGB 강화유리 -> 성공(25개 항목)
[case] [76/114] pid=71904638 name=darkFlash DP430 MESH RGB 강화유리 -> 성공(25개 항목)
[case] [77/114] pid=72723323 name=darkFlash DQX80 ARGB BTF -> 성공(24개 항목)
[case] [78/114] pid=72723506 name=darkFlash DCM30 RGB 강화유리 -> 성공(24개 항목)
[case] [79/114] pid=73616639 name=앱코 SUITMASTER MF360 리얼우드 -> 성공(21개 항목)
[case] [80/114] pid=73885538 name=darkFlash DB330X RGB 강화유리 -> 성공(25개 항목)
[case] [81/114] pid=74338778 name=darkFlash DK370 MESH RGB 강화유리 -> 성공(24개 항목)
[case] [82/114] pid=76160312 name=앱코 UH40 킬러웨일 ARGB -> 성공(25개 항목)
[case] [83/114] pid=76946687 name=darkFlash DF4100 MESH ARGB BTF -> 성공(25개 항목)
[case] [84/114] pid=78530048 name=darkFlash DS500 RGB -> 성공(24개 항목)
[case] [85/114] pid=80464100 name=darkFlash DB460M MESH RGB -> 성공(24개 항목)
[case] [86/114] pid=89861615 name=darkFlash DCM33 RGB -> 성공(24개 항목)
[case] [87/114] pid=91348970 name=앱코 UD20M 미니웨일 -> 성공(24개 항목)
[case] [88/114] pid=91497431 name=darkFlash DY570 ARGB BTF -> 성공(27개 항목)
[case] [89/114] pid=92187578 name=darkFlash DW500 우드 MESH RGB -> 성공(24개 항목)
[case] [90/114] pid=93320456 name=앱코 UD50C 루시드 앰비언트 풀커브드 ARGB BTF -> 성공(27개 항목)
[case] [91/114] pid=93804113 name=darkFlash DS900G ARGB -> 성공(24개 항목)
[case] [92/114] pid=94088324 name=앱코 G26M 메가플로우 미니 MESH -> 성공(24개 항목)
[case] [93/114] pid=94088714 name=앱코 G26 메가플로우 MESH -> 성공(24개 항목)
[case] [94/114] pid=94812809 name=앱코 U30P 마린+ 디스플레이 -> 성공(20개 항목)
[case] [95/114] pid=94880948 name=darkFlash DS900XL 우드 ARGB -> 성공(26개 항목)
[case] [96/114] pid=95424719 name=앱코 U20MP 큐빅 미니+ 디스플레이 -> 성공(24개 항목)
[case] [97/114] pid=96308750 name=앱코 C10M 컴팩트 -> 성공(20개 항목)
[case] [98/114] pid=99640949 name=앱코 G50 빅플로우 MESH ARGB BTF -> 성공(26개 항목)
[case] [99/114] pid=99735608 name=darkFlash DY460 ARGB BTF -> 성공(23개 항목)
[case] [100/114] pid=100271096 name=darkFlash DPF70 ARGB -> 성공(26개 항목)
[case] [101/114] pid=101013629 name=darkFlash DS500M RGB -> 성공(24개 항목)
[case] [102/114] pid=101632583 name=앱코 U10M 큐빅 라이트 -> 성공(22개 항목)
[case] [103/114] pid=105816257 name=darkFlash DS900 PRO ARGB -> 성공(26개 항목)
[case] [104/114] pid=105816371 name=darkFlash DS900 PRO ARGB -> 성공(26개 항목)
[case] [105/114] pid=105967793 name=앱코 G31 오메가포스 세븐팬 -> 성공(28개 항목)
[case] [106/114] pid=105968012 name=앱코 UD51 엑시드 ARGB BTF -> 성공(26개 항목)
[case] [107/114] pid=108390941 name=darkFlash DS950V ARGB 디스플레이 -> 성공(24개 항목)
[case] [108/114] pid=122617755 name=darkFlash DLX ULTRA MESH -> 성공(22개 항목)
[case] [109/114] pid=122617825 name=darkFlash DLX ULTRA MESH -> 성공(22개 항목)
[case] [110/114] pid=122617886 name=darkFlash DLX ULTRA MESH ARGB -> 성공(25개 항목)
[case] [111/114] pid=122655434 name=darkFlash DPH70M ARGB -> 성공(24개 항목)
[case] [112/114] pid=122678036 name=앱코 UD51L 엑시드 LCD 강화유리 ARGB BTF -> 성공(25개 항목)
[case] [113/114] pid=122679640 name=darkFlash DRX90 AERO MESH RGB -> 성공(24개 항목)
[case] [114/114] pid=122699730 name=darkFlash DK200 NEO MESH RGB 식스팬 -> 성공(26개 항목)
[vga] [1/605] pid=1878552 name=FORSA 지포스 G210 D3 512MB -> 성공(11개 항목)
[vga] [2/605] pid=3734562 name=MSI 지포스 GT710 D3 2GB LP 무소음 -> 성공(10개 항목)
[vga] [3/605] pid=3745148 name=갤럭시 GALAX 지포스 GT710 D3 1GB LP -> 성공(10개 항목)
[vga] [4/605] pid=3758234 name=갤럭시 GALAX 지포스 GT710 D3 1GB LP 무소음 -> 성공(11개 항목)
[vga] [5/605] pid=4058453 name=NVIDIA 쿼드로 M6000 D5 24GB 리더스시스템즈 -> 성공(10개 항목)
[vga] [6/605] pid=5041433 name=NVIDIA 쿼드로 P2000 D5 5GB ABKO -> 성공(9개 항목)
[vga] [7/605] pid=5149140 name=GIGABYTE 지포스 GT1030 UD2 D5 2GB 미니미 제이씨현 -> 성공(13개 항목)
[vga] [8/605] pid=5150631 name=갤럭시 GALAX 지포스 GT1030 강아지 EXOC D5 2GB LP -> 성공(14개 항목)
[vga] [9/605] pid=5150742 name=갤럭시 GALAX 지포스 GT1030 D5 2GB -> 성공(13개 항목)
[vga] [10/605] pid=5385778 name=FORSA 지포스 GTX1050 Ti D5 4GB DUAL -> 성공(14개 항목)
[vga] [11/605] pid=6038686 name=MSI 지포스 GT1030 에어로 ITX OC D4 2GB -> 성공(13개 항목)
[vga] [12/605] pid=6069251 name=NVIDIA 쿼드로 P620 D5 2GB -> 성공(11개 항목)
[vga] [13/605] pid=6288917 name=AFOX 지포스 GT710 L5 D3 1GB LP 디앤디컴 -> 성공(13개 항목)
[vga] [14/605] pid=6725461 name=FORSA 지포스 GT1030 D5 2GB -> 성공(13개 항목)
[vga] [15/605] pid=6839308 name=NVIDIA 쿼드로 RTX 6000 D6 24GB -> 성공(14개 항목)
[vga] [16/605] pid=7358839 name=NVIDIA 쿼드로 RTX 4000 D6 8GB -> 성공(11개 항목)
[vga] [17/605] pid=7479994 name=갤럭시 BOY 지포스 GT1030 D5 2GB -> 성공(16개 항목)
[vga] [18/605] pid=9790461 name=갤럭시 GALAX 지포스 GTX 1660 SUPER OC D6 6GB -> 성공(16개 항목)
[vga] [19/605] pid=9792135 name=갤럭시 BOY 지포스 GTX 1660 SUPER OC D6 6GB -> 성공(17개 항목)
[vga] [20/605] pid=9909333 name=ASUS TUF Gaming 지포스 GTX 1660 SUPER O6G D6 6GB -> 성공(14개 항목)
[vga] [21/605] pid=10427364 name=ARKTEK 지포스 GTX 1660 SUPER D6 6GB -> 성공(14개 항목)
[vga] [22/605] pid=11602526 name=TAGER 지포스 G210 D3 512MB LP -> 성공(11개 항목)
[vga] [23/605] pid=11602802 name=TAGER 지포스 GT1030 D5 2GB -> 성공(12개 항목)
[vga] [24/605] pid=12204407 name=ASUS ROG STRIX 지포스 RTX 3080 O10G GAMING OC D6X 10GB -> 성공(17개 항목)
[vga] [25/605] pid=12373847 name=FORSA 지포스 GTX 1650 D6 4GB -> 성공(13개 항목)
[vga] [26/605] pid=12398747 name=TAGER 지포스 GTX 1650 D6 4GB -> 성공(14개 항목)
[vga] [27/605] pid=12578009 name=ASUS KO 지포스 RTX 3070 O8G GAMING OC D6 8GB -> 성공(18개 항목)
[vga] [28/605] pid=12820505 name=NVIDIA 쿼드로 Sync II -> 성공(2개 항목)
[vga] [29/605] pid=12821741 name=ASUS TUF Gaming 지포스 RTX 3060 Ti O8G OC D6 8GB -> 성공(18개 항목)
[vga] [30/605] pid=12821834 name=ASUS ROG STRIX 지포스 RTX 3060 Ti O8G GAMING OC D6 8GB -> 성공(17개 항목)
[vga] [31/605] pid=13169082 name=FORSA 지포스 GTX 1660 SUPER X D6 6GB -> 성공(14개 항목)
[vga] [32/605] pid=13493789 name=GAINWARD 지포스 GTX 1660 SUPER 고스트 V1 D6 6GB 백플레이트 -> 성공(16개 항목)
[vga] [33/605] pid=13512254 name=MSI 지포스 RTX 3060 벤투스 2X OC D6 12GB -> 성공(20개 항목)
[vga] [34/605] pid=13683824 name=ASUS 지포스 GT1030 SL D5 2GB 무소음 -> 성공(11개 항목)
[vga] [35/605] pid=14077574 name=AFOX 지포스 GT730 D3 2GB LP 무소음 디앤디컴 -> 성공(9개 항목)
[vga] [36/605] pid=14077739 name=AFOX 지포스 G210 D3 512MB LP 디앤디컴 -> 성공(11개 항목)
[vga] [37/605] pid=14092100 name=GIGABYTE 지포스 GT1030 UD2 D4 2GB 미니미 피씨디렉트 -> 성공(12개 항목)
[vga] [38/605] pid=14448719 name=갤럭시 GALAX 지포스 RTX 3060 V2 D6 12GB -> 성공(22개 항목)
[vga] [39/605] pid=14461889 name=MSI 지포스 RTX 3070 Ti 슈프림 X D6X 8GB 트라이프로져2S -> 성공(21개 항목)
[vga] [40/605] pid=14527049 name=갤럭시 GALAX 지포스 RTX 3070 Ti D6X 8GB -> 성공(19개 항목)
[vga] [41/605] pid=14708753 name=TAGER 지포스 GTX1050 Ti D5 4GB DUAL -> 성공(14개 항목)
[vga] [42/605] pid=14740715 name=ASUS 지포스 GT730 SL D5 2GB -> 성공(10개 항목)
[vga] [43/605] pid=14776451 name=MSI 지포스 RTX 3060 Ti 게이밍 X D6 8GB 트윈프로져8 LHR -> 성공(17개 항목)
[vga] [44/605] pid=14824025 name=ASUS PH 지포스 RTX 3060 D6 12GB -> 성공(16개 항목)
[vga] [45/605] pid=14824238 name=ZOTAC GAMING 지포스 RTX 3070 TWIN Edge OC D6 8GB LHR -> 성공(19개 항목)
[vga] [46/605] pid=14824829 name=GAINWARD 지포스 RTX 3060 고스트 D6 12GB LHR -> 성공(20개 항목)
[vga] [47/605] pid=14857055 name=ASUS DUAL 지포스 RTX 3060 Ti O8G OC MINI D6 8GB -> 성공(17개 항목)
[vga] [48/605] pid=16284683 name=ZOTAC GAMING 지포스 RTX 3050 TWIN Edge OC D6 8GB -> 성공(18개 항목)
[vga] [49/605] pid=16291658 name=이엠텍 지포스 RTX 3050 STORM X Dual OC D6 8GB -> 성공(21개 항목)
[vga] [50/605] pid=16301489 name=갤럭시 갤라즈 GALAX 지포스 RTX 3050 D6 8GB -> 성공(18개 항목)
[vga] [51/605] pid=16301504 name=GAINWARD 지포스 RTX 3050 고스트 D6 8GB -> 성공(17개 항목)
[vga] [52/605] pid=16500317 name=NVIDIA RTX A4500 D6 20GB -> 성공(14개 항목)
[vga] [53/605] pid=16963706 name=갤럭시 갤라즈 GALAX 지포스 GT710 D3 2GB LP 무소음 -> 성공(13개 항목)
[vga] [54/605] pid=17023763 name=NVIDIA T400 D6 4GB -> 성공(12개 항목)
[vga] [55/605] pid=18225332 name=갤럭시 GALAX 지포스 GT730 D3 4GB LP -> 성공(13개 항목)
[vga] [56/605] pid=18365978 name=GIGABYTE AORUS 지포스 RTX 4080 XTREME 워터블럭 D6X 16GB 피씨디렉트 -> 성공(20개 항목)
[vga] [57/605] pid=18373469 name=MSI 지포스 RTX 3060 Ti 게이밍 X 트리오 D6X 8GB 트라이프로져2 -> 성공(18개 항목)
[vga] [58/605] pid=18650024 name=TAGER 지포스 GTX 1660 SUPER K D6 6GB -> 성공(13개 항목)
[vga] [59/605] pid=18767216 name=이엠텍 지포스 GTX 1660 SUPER MIRACLE II D6 6GB -> 성공(19개 항목)
[vga] [60/605] pid=18776426 name=MSI 지포스 GT710 D3 1GB LP 무소음 V2 -> 성공(12개 항목)
[vga] [61/605] pid=19047491 name=MSI 지포스 RTX 3060 Ti 벤투스 2X OC D6X 8GB -> 성공(15개 항목)
[vga] [62/605] pid=19131179 name=이엠텍 지포스 GTX 1050 Ti MIRACLE II D5 4GB -> 성공(16개 항목)
[vga] [63/605] pid=19772036 name=GIGABYTE 지포스 RTX 4070 WINDFORCE OC D6X 12GB 제이씨현 -> 성공(19개 항목)
[vga] [64/605] pid=20099003 name=COLORFUL 지포스 RTX 3050 토마호크 DUO V2 D6 8GB -> 성공(18개 항목)
[vga] [65/605] pid=20274764 name=이엠텍 지포스 RTX 4060 Ti STORM X Dual OC D6 8GB -> 성공(22개 항목)
[vga] [66/605] pid=20297774 name=갤럭시 GALAX 지포스 RTX 4060 Ti OC D6 8GB -> 성공(20개 항목)
[vga] [67/605] pid=20297981 name=갤럭시 GALAX 지포스 RTX 4060 Ti EX WHITE OC D6 8GB -> 성공(21개 항목)
[vga] [68/605] pid=20611055 name=GIGABYTE 지포스 RTX 4060 Ti WINDFORCE OC D6 8GB 피씨디렉트 -> 성공(16개 항목)
[vga] [69/605] pid=20687210 name=TAGER 지포스 GT710 D3 2GB LP -> 성공(11개 항목)
[vga] [70/605] pid=20687381 name=FORSA 지포스 GT710 D3 2GB LP -> 성공(11개 항목)
[vga] [71/605] pid=20730644 name=GIGABYTE 지포스 RTX 4060 Ti WINDFORCE OC D6 8GB 제이씨현 -> 성공(17개 항목)
[vga] [72/605] pid=20740013 name=MSI 지포스 RTX 4060 벤투스 2X 블랙 OC D6 8GB -> 성공(17개 항목)
[vga] [73/605] pid=20807324 name=NVIDIA RTX 4000 SFF Ada Generation D6 20GB -> 성공(13개 항목)
[vga] [74/605] pid=21446195 name=ZOTAC GAMING 지포스 RTX 4060 TWIN Edge OC D6 8GB -> 성공(20개 항목)
[vga] [75/605] pid=21538472 name=AFOX 지포스 RTX 3090 D6 24GB 대원씨티에스 -> 성공(14개 항목)
[vga] [76/605] pid=27896360 name=ASUS 지포스 GT730 4H SL D5 2GB -> 성공(10개 항목)
[vga] [77/605] pid=27944384 name=MSI 지포스 RTX 3050 벤투스 2X XS OC D6 8GB -> 성공(15개 항목)
[vga] [78/605] pid=28391915 name=STCOM 지포스 GTX 1660 SUPER D6 6GB -> 성공(15개 항목)
[vga] [79/605] pid=28392092 name=STCOM 지포스 GT730 D5 2GB LP -> 성공(14개 항목)
[vga] [80/605] pid=28624916 name=AFOX 지포스 GT1030 L5 D5 2GB LP 디앤디컴 -> 성공(16개 항목)
[vga] [81/605] pid=28809323 name=액슬 지포스 G210 D3 1GB 에즈윈 -> 성공(11개 항목)
[vga] [82/605] pid=28809503 name=액슬 지포스 GT1030 D5 2GB 에즈윈 -> 성공(12개 항목)
[vga] [83/605] pid=28809677 name=액슬 지포스 GT730 클래식 D3 2GB 에즈윈 -> 성공(13개 항목)
[vga] [84/605] pid=28810250 name=액슬 지포스 GTX1050 Ti D5 4GB 에즈윈 -> 성공(14개 항목)
[vga] [85/605] pid=29952371 name=이도디스플레이 지포스 GTX 1660 SUPER RAGE-X II D6 6GB DUAL -> 성공(14개 항목)
[vga] [86/605] pid=32076674 name=액슬 지포스 RTX 3070 Ti D6X 8GB 에즈윈 -> 성공(17개 항목)
[vga] [87/605] pid=32861312 name=MSI 지포스 RTX 4070 SUPER 게이밍 X 슬림 D6X 12GB 트라이프로져3 -> 성공(24개 항목)
[vga] [88/605] pid=33366437 name=액슬 지포스 RTX 3070 D6 8GB White 에즈윈 -> 성공(17개 항목)
[vga] [89/605] pid=33384806 name=갤럭시 GALAX 지포스 RTX 4060 2X OC V2 D6 8GB -> 성공(19개 항목)
[vga] [90/605] pid=33989591 name=이엠텍 지포스 RTX 4080 SUPER GAMING PRO D6X 16GB -> 성공(25개 항목)
[vga] [91/605] pid=33989666 name=이엠텍 지포스 RTX 4080 SUPER BLACK STORM OC D6X 16GB -> 성공(23개 항목)
[vga] [92/605] pid=34816340 name=MSI 지포스 RTX 3050 벤투스 2X OC D6 6GB -> 성공(14개 항목)
[vga] [93/605] pid=35813972 name=ASUS DUAL 지포스 RTX 3050 O6G OC D6 6GB 인텍앤컴퍼니 -> 성공(12개 항목)
[vga] [94/605] pid=36157487 name=갤럭시 GALAX 지포스 RTX 3050 WHITE D6 6GB LP -> 성공(18개 항목)
[vga] [95/605] pid=36709025 name=AFOX 지포스 G210 D3 512MB 대원씨티에스 -> 성공(8개 항목)
[vga] [96/605] pid=36709184 name=AFOX 지포스 GTX 1650 D6 4GB 대원씨티에스 -> 성공(9개 항목)
[vga] [97/605] pid=37287323 name=이엠텍 지포스 RTX 3050 MIRACLE WHITE D6 6GB -> 성공(17개 항목)
[vga] [98/605] pid=37932260 name=액슬 지포스 RTX 3060 Ti D6 8GB White 에즈윈 -> 성공(16개 항목)
[vga] [99/605] pid=39030653 name=FORSA 지포스 RTX 3050 D6 6GB ONE COOL -> 성공(11개 항목)
[vga] [100/605] pid=39037607 name=TAGER 지포스 RTX 3050 D6 6GB ONE COOL -> 성공(11개 항목)
[vga] [101/605] pid=42940724 name=MANLI 지포스 RTX 4060 Ti Rush D6 8GB 대원씨티에스 -> 성공(16개 항목)
[vga] [102/605] pid=44217686 name=GAINWARD 지포스 RTX 3050 페가수스 D6 6GB -> 성공(13개 항목)
[vga] [103/605] pid=46003205 name=이엠텍 지포스 RTX 3050 STORM X NANO D6 6GB -> 성공(17개 항목)
[vga] [104/605] pid=47806457 name=액슬 지포스 RTX 3050 D6 6GB 에즈윈 -> 성공(16개 항목)
[vga] [105/605] pid=48395846 name=NVIDIA RTX 4500 Ada Generation D6 24GB -> 성공(13개 항목)
[vga] [106/605] pid=48648092 name=COLORFUL iGame 지포스 RTX 3050 Ultra DUO OC V2 D6 8GB White -> 성공(21개 항목)
[vga] [107/605] pid=49531382 name=갤럭시 GALAX 지포스 RTX 4080 SUPER 3X D6X 16GB -> 성공(24개 항목)
[vga] [108/605] pid=52157555 name=액슬 지포스 RTX 3060 D6 12GB 에즈윈 -> 성공(18개 항목)
[vga] [109/605] pid=52159256 name=FuriosaAI 퓨리오사 워보이 D4X 16GB -> 성공(7개 항목)
[vga] [110/605] pid=54481091 name=액슬 지포스 G210 D3 512MB 에즈윈 -> 성공(14개 항목)
[vga] [111/605] pid=54481106 name=액슬 지포스 GT730 클래식 D3 1GB 에즈윈 -> 성공(14개 항목)
[vga] [112/605] pid=55045334 name=NVIDIA A2 D6 16GB -> 성공(5개 항목)
[vga] [113/605] pid=57449264 name=갤럭시 GALAX 지포스 RTX 4060 WHITE OC D6 8GB -> 성공(20개 항목)
[vga] [114/605] pid=57508178 name=NVIDIA RTX 2000 Ada Generation D6 16GB -> 성공(15개 항목)
[vga] [115/605] pid=57508691 name=AFOX 지포스 GT730 D3 2GB LP 무소음 대원씨티에스 -> 성공(9개 항목)
[vga] [116/605] pid=59085581 name=액슬 지포스 RTX 2060 SUPER D6 8GB 에즈윈 -> 성공(14개 항목)
[vga] [117/605] pid=59089334 name=ASUS 지포스 GT710 SL EVO D5 2GB -> 성공(11개 항목)
[vga] [118/605] pid=62160119 name=AFOX 지포스 GTX1050 Ti H7 D5 4GB 디앤디컴 -> 성공(14개 항목)
[vga] [119/605] pid=62640164 name=XFX Magnetic Air 시리즈 커스텀 팬 블루 -> 성공(3개 항목)
[vga] [120/605] pid=62640563 name=XFX Magnetic Air 시리즈 커스텀 팬 그린 -> 성공(3개 항목)
[vga] [121/605] pid=62640587 name=XFX Magnetic Air 시리즈 커스텀 팬 오렌지 -> 성공(3개 항목)
[vga] [122/605] pid=62791805 name=이도디스플레이 지포스 RTX 3050 RAGE-X D6 6GB -> 성공(12개 항목)
[vga] [123/605] pid=63086675 name=ASUS DUAL 지포스 RTX 3050 O6G OC D6 6GB 대원씨티에스 -> 성공(12개 항목)
[vga] [124/605] pid=63419924 name=갤럭시 GALAX 지포스 RTX 3050 EX BLACK D6 6GB DVI -> 성공(18개 항목)
[vga] [125/605] pid=67509884 name=PNY 지포스 RTX 4070 SUPER VERTO OC D6X 12GB DF 한성컴퓨터 -> 성공(22개 항목)
[vga] [126/605] pid=68363192 name=액슬 지포스 GTX 1660 SUPER 38mm D6 6GB 에즈윈 -> 성공(17개 항목)
[vga] [127/605] pid=68775956 name=MANLI 지포스 RTX 4060 Ti Polar Fox D6 8GB TWIN FAN White 대원씨티에스 -> 성공(17개 항목)
[vga] [128/605] pid=68918675 name=ASUS DUAL 지포스 RTX 3050 D6 6GB 인텍앤컴퍼니 -> 성공(12개 항목)
[vga] [129/605] pid=71010053 name=MSI 지포스 RTX 3050 벤투스 2X E OC D6 6GB -> 성공(13개 항목)
[vga] [130/605] pid=71010194 name=ASL 지포스 GTX 1660 SUPER RAGE-X D6 6GB -> 성공(16개 항목)
[vga] [131/605] pid=71901731 name=GIGABYTE 지포스 RTX 3050 WINDFORCE OC V2 D6 6GB 제이씨현 -> 성공(16개 항목)
[vga] [132/605] pid=71973218 name=GIGABYTE 지포스 RTX 3050 WINDFORCE OC V2 D6 6GB 피씨디렉트 -> 성공(16개 항목)
[vga] [133/605] pid=72676730 name=GIGABYTE 지포스 RTX 3060 GAMING OC V2 D6 8GB 피씨디렉트 -> 성공(16개 항목)
[vga] [134/605] pid=73948553 name=갤럭시 GALAX 지포스 RTX 4060 WHITE OC V2 D6 8GB -> 성공(21개 항목)
[vga] [135/605] pid=74013713 name=갤럭시 GALAX 지포스 RTX 3050 EX WHITE D6 6GB DVI -> 성공(17개 항목)
[vga] [136/605] pid=74970929 name=ZOTAC GAMING 지포스 RTX 5080 SOLID OC D7 16GB -> 성공(24개 항목)
[vga] [137/605] pid=74971838 name=ZOTAC GAMING 지포스 RTX 5080 AMP EXTREME INFINITY D7 16GB -> 성공(24개 항목)
[vga] [138/605] pid=75074210 name=GIGABYTE AORUS 지포스 RTX 5080 MASTER D7 16GB 피씨디렉트 -> 성공(22개 항목)
[vga] [139/605] pid=75074258 name=GIGABYTE AORUS 지포스 RTX 5080 MASTER ICE D7 16GB 피씨디렉트 -> 성공(22개 항목)
[vga] [140/605] pid=75074336 name=GIGABYTE AORUS 지포스 RTX 5080 XTREME 워터포스 WB D7 16GB 피씨디렉트 -> 성공(17개 항목)
[vga] [141/605] pid=75074405 name=GIGABYTE AORUS 지포스 RTX 5080 XTREME 워터포스 D7 16GB 피씨디렉트 -> 성공(18개 항목)
[vga] [142/605] pid=75074516 name=GIGABYTE 지포스 RTX 5080 AERO OC SFF D7 16GB 피씨디렉트 -> 성공(21개 항목)
[vga] [143/605] pid=75074666 name=GIGABYTE 지포스 RTX 5080 GAMING OC D7 16GB 피씨디렉트 -> 성공(21개 항목)
[vga] [144/605] pid=75074732 name=GIGABYTE 지포스 RTX 5080 WINDFORCE OC SFF D7 16GB 피씨디렉트 -> 성공(20개 항목)
[vga] [145/605] pid=75075386 name=갤럭시 GALAX 지포스 RTX 5080 WHITE OC D7 16GB -> 성공(23개 항목)
[vga] [146/605] pid=75075494 name=갤럭시 GALAX 지포스 RTX 5080 BLACK OC D7 16GB -> 성공(23개 항목)
[vga] [147/605] pid=75075512 name=갤럭시 GALAZ 지포스 RTX 5080 BLACK OC D7 16GB -> 성공(23개 항목)
[vga] [148/605] pid=75184247 name=PALIT 지포스 RTX 5080 GAMEROCK D7 16GB 이엠텍 -> 성공(23개 항목)
[vga] [149/605] pid=75184250 name=PALIT 지포스 RTX 5080 GAMINGPRO D7 16GB 이엠텍 -> 성공(23개 항목)
[vga] [150/605] pid=75184259 name=GIGABYTE AORUS 지포스 RTX 5080 MASTER D7 16GB 제이씨현 -> 성공(23개 항목)
[vga] [151/605] pid=75184262 name=GIGABYTE AORUS 지포스 RTX 5080 MASTER ICE D7 16GB 제이씨현 -> 성공(22개 항목)
[vga] [152/605] pid=75184265 name=GIGABYTE 지포스 RTX 5080 AERO OC SFF D7 16GB 제이씨현 -> 성공(21개 항목)
[vga] [153/605] pid=75184268 name=GIGABYTE 지포스 RTX 5080 GAMING OC D7 16GB 제이씨현 -> 성공(21개 항목)
[vga] [154/605] pid=75184271 name=GIGABYTE 지포스 RTX 5080 WINDFORCE OC SFF D7 16GB 제이씨현 -> 성공(20개 항목)
[vga] [155/605] pid=75373376 name=MSI 지포스 RTX 5080 게이밍 트리오 OC D7 16GB 트라이프로져4 -> 성공(26개 항목)
[vga] [156/605] pid=75373496 name=MSI 지포스 RTX 5080 벤투스 3X OC 플러스 D7 16GB -> 성공(24개 항목)
[vga] [157/605] pid=75373694 name=ASUS ROG Astral 지포스 RTX 5080 OC D7 16GB 인텍앤컴퍼니 -> 성공(25개 항목)
[vga] [158/605] pid=75373796 name=ASUS PRIME 지포스 RTX 5080 OC D7 16GB 인텍앤컴퍼니 -> 성공(22개 항목)
[vga] [159/605] pid=75374105 name=ASUS TUF Gaming 지포스 RTX 5080 OC D7 16GB 인텍앤컴퍼니 -> 성공(23개 항목)
[vga] [160/605] pid=75374981 name=ASUS PRIME 지포스 RTX 5080 OC D7 16GB 대원씨티에스 -> 성공(22개 항목)
[vga] [161/605] pid=75375185 name=ASUS ROG Astral 지포스 RTX 5080 OC D7 16GB 대원씨티에스 -> 성공(25개 항목)
[vga] [162/605] pid=75375293 name=ASUS TUF Gaming 지포스 RTX 5080 OC D7 16GB 대원씨티에스 -> 성공(23개 항목)
[vga] [163/605] pid=75375797 name=MANLI 지포스 RTX 5080 Nebula D7 16GB 대원씨티에스 -> 성공(21개 항목)
[vga] [164/605] pid=75376205 name=MANLI 지포스 RTX 5080 Stellar OC D7 16GB 대원씨티에스 -> 성공(21개 항목)
[vga] [165/605] pid=75536255 name=COLORFUL iGame 지포스 RTX 5080 ULTRA OC White D7 16GB 피씨디렉트 -> 성공(23개 항목)
[vga] [166/605] pid=75536588 name=GIGABYTE AORUS 지포스 RTX 5080 XTREME 워터포스 D7 16GB 제이씨현 -> 성공(20개 항목)
[vga] [167/605] pid=75536831 name=MANLI 지포스 RTX 5080 Gallardo OC D7 16GB 인텍앤컴퍼니 -> 성공(21개 항목)
[vga] [168/605] pid=75536942 name=MANLI 지포스 RTX 5080 Polar Fox OC D7 16GB 인텍앤컴퍼니 -> 성공(21개 항목)
[vga] [169/605] pid=75541700 name=MSI 지포스 RTX 5080 뱅가드 SOC D7 16GB 하이퍼프로져 -> 성공(26개 항목)
[vga] [170/605] pid=75600731 name=INNO3D 지포스 RTX 5080 D7 16GB X3 -> 성공(21개 항목)
[vga] [171/605] pid=75600824 name=INNO3D 지포스 RTX 5080 OC D7 16GB X3 -> 성공(21개 항목)
[vga] [172/605] pid=75601394 name=GAINWARD 지포스 RTX 5080 피닉스 D7 16GB -> 성공(24개 항목)
[vga] [173/605] pid=75931418 name=MANLI 지포스 RTX 5080 Nebula D7 16GB 인텍앤컴퍼니 -> 성공(22개 항목)
[vga] [174/605] pid=75931502 name=PNY 지포스 RTX 5080 D7 16GB Triple Fan 제이씨현 -> 성공(21개 항목)
[vga] [175/605] pid=75931508 name=PNY 지포스 RTX 5080 OC D7 16GB Triple Fan 제이씨현 -> 성공(22개 항목)
[vga] [176/605] pid=75938921 name=PNY 지포스 RTX 5080 OC D7 16GB Triple Fan 한성컴퓨터 -> 성공(22개 항목)
[vga] [177/605] pid=76071299 name=갤럭시 GALAZ 지포스 RTX 4060 EX WHITE OC V2 D6 8GB -> 성공(21개 항목)
[vga] [178/605] pid=76074971 name=이엠텍 지포스 RTX 5080 MIRACLE WHITE D7 16GB -> 성공(23개 항목)
[vga] [179/605] pid=76463408 name=갤럭시 GALAZ 지포스 RTX 5070 Ti BLACK OC D7 16GB -> 성공(24개 항목)
[vga] [180/605] pid=76463474 name=갤럭시 GALAX 지포스 RTX 5070 Ti BLACK OC D7 16GB -> 성공(24개 항목)
[vga] [181/605] pid=76463606 name=MSI 지포스 RTX 5080 벤투스 3X OC D7 16GB -> 성공(24개 항목)
[vga] [182/605] pid=76464143 name=ZOTAC GAMING 지포스 RTX 5070 Ti SOLID OC D7 16GB -> 성공(26개 항목)
[vga] [183/605] pid=76464395 name=ZOTAC GAMING 지포스 RTX 5070 Ti AMP Extreme Infinity D7 16GB -> 성공(26개 항목)
[vga] [184/605] pid=76466054 name=INNO3D 지포스 RTX 5070 Ti OC D7 16GB X3 -> 성공(21개 항목)
[vga] [185/605] pid=76466114 name=INNO3D 지포스 RTX 5080 OC D7 16GB X3 WHITE -> 성공(21개 항목)
[vga] [186/605] pid=76508483 name=COLORFUL iGame 지포스 RTX 5080 Advanced OC D7 16GB 피씨디렉트 -> 성공(26개 항목)
[vga] [187/605] pid=76508576 name=COLORFUL iGame 지포스 RTX 5080 Vulcan OC D7 16GB 피씨디렉트 -> 성공(26개 항목)
[vga] [188/605] pid=76509074 name=PNY 지포스 RTX 5080 EPIC-X RGB OC D7 16GB Triple Fan 제이씨현 -> 성공(22개 항목)
[vga] [189/605] pid=76510388 name=GIGABYTE 지포스 RTX 5070 Ti AERO OC D7 16GB 피씨디렉트 -> 성공(23개 항목)
[vga] [190/605] pid=76510547 name=GIGABYTE 지포스 RTX 5070 Ti EAGLE OC ICE SFF D7 16GB 피씨디렉트 -> 성공(23개 항목)
[vga] [191/605] pid=76510583 name=GIGABYTE 지포스 RTX 5070 Ti EAGLE OC SFF D7 16GB 피씨디렉트 -> 성공(23개 항목)
[vga] [192/605] pid=76510673 name=GIGABYTE 지포스 RTX 5070 Ti GAMING OC D7 16GB 피씨디렉트 -> 성공(23개 항목)
[vga] [193/605] pid=76510754 name=GIGABYTE 지포스 RTX 5070 Ti WINDFORCE OC SFF D7 16GB 피씨디렉트 -> 성공(22개 항목)
[vga] [194/605] pid=76510835 name=GIGABYTE AORUS 지포스 RTX 5070 Ti MASTER D7 16GB 피씨디렉트 -> 성공(23개 항목)
[vga] [195/605] pid=76511060 name=COLORFUL iGame 지포스 RTX 5070 Ti ULTRA OC White D7 16GB 피씨디렉트 -> 성공(26개 항목)
[vga] [196/605] pid=76511312 name=ASUS PRIME 지포스 RTX 5070 Ti D7 16GB 대원씨티에스 -> 성공(20개 항목)
[vga] [197/605] pid=76511369 name=ASUS PRIME 지포스 RTX 5070 Ti OC D7 16GB 대원씨티에스 -> 성공(19개 항목)
[vga] [198/605] pid=76511459 name=ASUS TUF Gaming 지포스 RTX 5070 Ti OC D7 16GB 대원씨티에스 -> 성공(20개 항목)
[vga] [199/605] pid=76550489 name=ASUS PRIME 지포스 RTX 5080 D7 16GB 대원씨티에스 -> 성공(22개 항목)
[vga] [200/605] pid=76550750 name=MSI 지포스 RTX 5070 Ti 게이밍 트리오 OC 플러스 D7 16GB 트라이프로져4 -> 성공(27개 항목)
[vga] [201/605] pid=76550837 name=MSI 지포스 RTX 5070 Ti 벤투스 3X OC D7 16GB -> 성공(25개 항목)
[vga] [202/605] pid=76551020 name=GIGABYTE 지포스 RTX 5070 Ti AERO OC D7 16GB 제이씨현 -> 성공(23개 항목)
[vga] [203/605] pid=76551029 name=GIGABYTE AORUS 지포스 RTX 5070 Ti MASTER D7 16GB 제이씨현 -> 성공(23개 항목)
[vga] [204/605] pid=76551041 name=GIGABYTE 지포스 RTX 5070 Ti EAGLE OC SFF D7 16GB 제이씨현 -> 성공(23개 항목)
[vga] [205/605] pid=76551050 name=GIGABYTE 지포스 RTX 5070 Ti EAGLE OC ICE SFF D7 16GB 제이씨현 -> 성공(23개 항목)
[vga] [206/605] pid=76551056 name=GIGABYTE 지포스 RTX 5070 Ti GAMING OC D7 16GB 제이씨현 -> 성공(23개 항목)
[vga] [207/605] pid=76551065 name=GIGABYTE 지포스 RTX 5070 Ti WINDFORCE OC SFF D7 16GB 제이씨현 -> 성공(22개 항목)
[vga] [208/605] pid=76551374 name=ASUS TUF Gaming 지포스 RTX 5070 Ti OC D7 16GB 인텍앤컴퍼니 -> 성공(22개 항목)
[vga] [209/605] pid=76551494 name=ASUS PRIME 지포스 RTX 5070 Ti OC D7 16GB 인텍앤컴퍼니 -> 성공(21개 항목)
[vga] [210/605] pid=76551551 name=ASUS PRIME 지포스 RTX 5070 Ti D7 16GB 인텍앤컴퍼니 -> 성공(21개 항목)
[vga] [211/605] pid=76875302 name=MANLI 지포스 RTX 5070 Ti Gallardo OC D7 16GB 인텍앤컴퍼니 -> 성공(22개 항목)
[vga] [212/605] pid=76875332 name=MANLI 지포스 RTX 5070 Ti Nebula D7 16GB 인텍앤컴퍼니 -> 성공(21개 항목)
[vga] [213/605] pid=77015564 name=MANLI 지포스 RTX 5070 Ti Nebula D7 16GB 대원씨티에스 -> 성공(19개 항목)
[vga] [214/605] pid=77086589 name=MANLI 지포스 RTX 5070 Ti Polar Fox OC D7 16GB 인텍앤컴퍼니 -> 성공(21개 항목)
[vga] [215/605] pid=77086862 name=갤럭시 GALAX 지포스 RTX 5070 Ti EX GAMER BLACK OC D7 16GB -> 성공(24개 항목)
[vga] [216/605] pid=77086958 name=갤럭시 GALAX 지포스 RTX 5070 Ti EX GAMER WHITE OC D7 16GB -> 성공(24개 항목)
[vga] [217/605] pid=77088779 name=MANLI 지포스 RTX 5070 Ti Gallardo OC D7 16GB 대원씨티에스 -> 성공(22개 항목)
[vga] [218/605] pid=77312015 name=PALIT 지포스 RTX 5070 GAMINGPRO OC D7 12GB 이엠텍 -> 성공(26개 항목)
[vga] [219/605] pid=77312165 name=PALIT 지포스 RTX 5070 GAMINGPRO D7 12GB 이엠텍 -> 성공(26개 항목)
[vga] [220/605] pid=77312321 name=GIGABYTE AORUS 지포스 RTX 5070 MASTER D7 12GB 피씨디렉트 -> 성공(23개 항목)
[vga] [221/605] pid=77312378 name=GIGABYTE 지포스 RTX 5070 AERO OC D7 12GB 피씨디렉트 -> 성공(23개 항목)
[vga] [222/605] pid=77312477 name=GIGABYTE 지포스 RTX 5070 WINDFORCE OC SFF D7 12GB 피씨디렉트 -> 성공(22개 항목)
[vga] [223/605] pid=77312543 name=GIGABYTE 지포스 RTX 5070 EAGLE OC ICE SFF D7 12GB 피씨디렉트 -> 성공(22개 항목)
[vga] [224/605] pid=77312573 name=GIGABYTE 지포스 RTX 5070 EAGLE OC SFF D7 12GB 피씨디렉트 -> 성공(22개 항목)
[vga] [225/605] pid=77313077 name=GIGABYTE 지포스 RTX 5070 GAMING OC D7 12GB 피씨디렉트 -> 성공(23개 항목)
[vga] [226/605] pid=77318726 name=COLORFUL 지포스 RTX 5070 토마호크 EX D7 12GB 피씨디렉트 -> 성공(21개 항목)
[vga] [227/605] pid=77319323 name=MANLI 지포스 RTX 5070 Ti Stellar OC D7 16GB 대원씨티에스 -> 성공(19개 항목)
[vga] [228/605] pid=77319413 name=ZOTAC GAMING 지포스 RTX 5070 SOLID OC D7 12GB -> 성공(24개 항목)
[vga] [229/605] pid=77319458 name=GIGABYTE AORUS 지포스 RTX 5070 MASTER D7 12GB 제이씨현 -> 성공(23개 항목)
[vga] [230/605] pid=77319503 name=GIGABYTE 지포스 RTX 5070 AERO OC D7 12GB 제이씨현 -> 성공(23개 항목)
[vga] [231/605] pid=77319515 name=GIGABYTE 지포스 RTX 5070 GAMING OC D7 12GB 제이씨현 -> 성공(23개 항목)
[vga] [232/605] pid=77319527 name=GIGABYTE 지포스 RTX 5070 EAGLE OC ICE SFF D7 12GB 제이씨현 -> 성공(22개 항목)
[vga] [233/605] pid=77319536 name=GIGABYTE 지포스 RTX 5070 EAGLE OC SFF D7 12GB 제이씨현 -> 성공(22개 항목)
[vga] [234/605] pid=77319545 name=GIGABYTE 지포스 RTX 5070 WINDFORCE OC SFF D7 12GB 제이씨현 -> 성공(22개 항목)
[vga] [235/605] pid=77319743 name=갤럭시 GALAX 지포스 RTX 5070 BLACK OC D7 12GB -> 성공(23개 항목)
[vga] [236/605] pid=77319749 name=갤럭시 GALAX 지포스 RTX 5070 WHITE OC D7 12GB -> 성공(23개 항목)
[vga] [237/605] pid=77319857 name=갤럭시 GALAZ 지포스 RTX 5070 BLACK OC D7 12GB -> 성공(23개 항목)
[vga] [238/605] pid=77319887 name=갤럭시 GALAZ 지포스 RTX 5070 WHITE OC D7 12GB -> 성공(23개 항목)
[vga] [239/605] pid=77379113 name=COLORFUL 지포스 RTX 5070 Ti 토마호크 EX D7 16GB 피씨디렉트 -> 성공(23개 항목)
[vga] [240/605] pid=77379233 name=MANLI 지포스 RTX 5070 Nebula D7 12GB 대원씨티에스 -> 성공(21개 항목)
[vga] [241/605] pid=77379299 name=MANLI 지포스 RTX 5070 Polar Fox OC D7 12GB 대원씨티에스 -> 성공(21개 항목)
[vga] [242/605] pid=77379359 name=MANLI 지포스 RTX 5070 Stellar OC D7 12GB 대원씨티에스 -> 성공(22개 항목)
[vga] [243/605] pid=77379380 name=MSI 지포스 RTX 5070 게이밍 트리오 OC D7 12GB 트라이프로져4 -> 성공(26개 항목)
[vga] [244/605] pid=77379452 name=MSI 지포스 RTX 5070 벤투스 2X OC D7 12GB -> 성공(24개 항목)
[vga] [245/605] pid=77379575 name=ASUS PRIME 지포스 RTX 5070 OC D7 12GB 대원씨티에스 -> 성공(22개 항목)
[vga] [246/605] pid=77380469 name=MANLI 지포스 RTX 5070 Nebula D7 12GB 인텍앤컴퍼니 -> 성공(20개 항목)
[vga] [247/605] pid=77380763 name=MANLI 지포스 RTX 5070 Polar Fox OC D7 12GB 인텍앤컴퍼니 -> 성공(21개 항목)
[vga] [248/605] pid=77380787 name=MANLI 지포스 RTX 5070 Stellar OC D7 12GB 인텍앤컴퍼니 -> 성공(22개 항목)
[vga] [249/605] pid=77382785 name=GAINWARD 지포스 RTX 5070 피닉스 D7 12GB -> 성공(23개 항목)
[vga] [250/605] pid=77461610 name=ASUS PRIME 지포스 RTX 5070 D7 12GB 인텍앤컴퍼니 -> 성공(22개 항목)
[vga] [251/605] pid=77461619 name=ASUS PRIME 지포스 RTX 5070 OC D7 12GB 인텍앤컴퍼니 -> 성공(22개 항목)
[vga] [252/605] pid=77465684 name=갤럭시 GALAX 지포스 RTX 4060 Ti WHITE OC V2 D6 8GB -> 성공(20개 항목)
[vga] [253/605] pid=77465798 name=INNO3D 지포스 RTX 5070 OC D7 12GB TWIN X2 -> 성공(21개 항목)
[vga] [254/605] pid=77465819 name=INNO3D 지포스 RTX 5070 OC D7 12GB TWIN X2 WHITE -> 성공(21개 항목)
[vga] [255/605] pid=77465882 name=INNO3D 지포스 RTX 5070 OC D7 12GB X3 -> 성공(21개 항목)
[vga] [256/605] pid=77624201 name=ZOTAC GAMING 지포스 RTX 5080 SOLID OC White D7 16GB -> 성공(24개 항목)
[vga] [257/605] pid=77704514 name=MANLI 지포스 RTX 5070 Ti Polar Fox OC D7 16GB 대원씨티에스 -> 성공(21개 항목)
[vga] [258/605] pid=77791169 name=MSI 지포스 RTX 5080 벤투스 3X OC 화이트 D7 16GB -> 성공(24개 항목)
[vga] [259/605] pid=77791202 name=MSI 지포스 RTX 5070 벤투스 2X OC 화이트 D7 12GB -> 성공(24개 항목)
[vga] [260/605] pid=77961743 name=갤럭시 GALAZ 지포스 RTX 5070 Ti EX GAMER BLACK OC D7 16GB -> 성공(24개 항목)
[vga] [261/605] pid=77961773 name=갤럭시 GALAZ 지포스 RTX 5070 Ti EX GAMER WHITE OC D7 16GB -> 성공(24개 항목)
[vga] [262/605] pid=77961944 name=MSI 지포스 RTX 5070 벤투스 3X OC D7 12GB -> 성공(24개 항목)
[vga] [263/605] pid=77964722 name=COLORFUL iGame 지포스 RTX 5070 ULTRA OC White D7 12GB 피씨디렉트 -> 성공(24개 항목)
[vga] [264/605] pid=77964797 name=COLORFUL iGame 지포스 RTX 5070 Vulcan OC D7 12GB 피씨디렉트 -> 성공(26개 항목)
[vga] [265/605] pid=78102347 name=MSI 지포스 RTX 5070 게이밍 트리오 OC 화이트 D7 12GB 트라이프로져4 -> 성공(26개 항목)
[vga] [266/605] pid=78102494 name=COLORFUL 지포스 RTX 3050 토마호크 DUO V2 D6 8GB 피씨디렉트 -> 성공(19개 항목)
[vga] [267/605] pid=78235484 name=갤럭시 GALAX 지포스 RTX 5070 EX GAMER WHITE OC D7 12GB -> 성공(23개 항목)
[vga] [268/605] pid=78235718 name=갤럭시 GALAZ 지포스 RTX 5070 EX GAMER WHITE OC D7 12GB -> 성공(23개 항목)
[vga] [269/605] pid=78712517 name=갤럭시 GALAX 지포스 RTX 5070 EX GAMER BLACK OC D7 12GB -> 성공(23개 항목)
[vga] [270/605] pid=78712574 name=갤럭시 GALAZ 지포스 RTX 5070 EX GAMER BLACK OC D7 12GB -> 성공(23개 항목)
[vga] [271/605] pid=78842858 name=MSI 지포스 RTX 5080 쉐도우 3X OC D7 16GB -> 성공(24개 항목)
[vga] [272/605] pid=78842861 name=이엠텍 지포스 RTX 5070 MIRACLE WHITE D7 12GB -> 성공(23개 항목)
[vga] [273/605] pid=78842921 name=MSI 지포스 RTX 5070 Ti 쉐도우 3X OC D7 16GB -> 성공(24개 항목)
[vga] [274/605] pid=78843224 name=PNY 지포스 RTX 5070 OC D7 12GB Triple Fan 제이씨현 -> 성공(21개 항목)
[vga] [275/605] pid=78982154 name=GAINWARD 지포스 RTX 5070 파이썬 III D7 12GB -> 성공(22개 항목)
[vga] [276/605] pid=79114694 name=ASUS PRIME 지포스 RTX 5080 D7 16GB 인텍앤컴퍼니 -> 성공(22개 항목)
[vga] [277/605] pid=79116668 name=ZOTAC GAMING 지포스 RTX 5080 SOLID CORE OC D7 16GB -> 성공(24개 항목)
[vga] [278/605] pid=79397834 name=액슬 지포스 GT730 클래식 D3 4GB 에즈윈 -> 성공(14개 항목)
[vga] [279/605] pid=79402577 name=PALIT 지포스 RTX 5070 INFINITY 3 D7 12GB 이엠텍 -> 성공(24개 항목)
[vga] [280/605] pid=79578482 name=갤럭시 GALAX 지포스 RTX 5080 EX GAMER BLACK OC D7 16GB -> 성공(23개 항목)
[vga] [281/605] pid=79578539 name=갤럭시 GALAX 지포스 RTX 5080 EX GAMER WHITE OC D7 16GB -> 성공(23개 항목)
[vga] [282/605] pid=80903570 name=MANLI 지포스 RTX 5060 Ti Nebula D7 16GB 대원씨티에스 -> 성공(20개 항목)
[vga] [283/605] pid=81002702 name=MANLI 지포스 RTX 5060 Ti Nebula D7 8GB 대원씨티에스 -> 성공(18개 항목)
[vga] [284/605] pid=81026090 name=MANLI 지포스 RTX 5060 Ti Polar Fox OC D7 16GB 대원씨티에스 -> 성공(21개 항목)
[vga] [285/605] pid=81034403 name=MANLI 지포스 RTX 5060 Ti Polar Fox OC D7 8GB 대원씨티에스 -> 성공(19개 항목)
[vga] [286/605] pid=81036440 name=MANLI 지포스 RTX 5060 Ti Stellar OC D7 8GB 대원씨티에스 -> 성공(19개 항목)
[vga] [287/605] pid=81037463 name=PALIT 지포스 RTX 5060 Ti INFINITY 3 OC D7 16GB 이엠텍 -> 성공(23개 항목)
[vga] [288/605] pid=81037490 name=PALIT 지포스 RTX 5060 Ti INFINITY 3 D7 16GB 이엠텍 -> 성공(23개 항목)
[vga] [289/605] pid=81062540 name=ZOTAC GAMING 지포스 RTX 5060 Ti Twin Edge OC D7 16GB -> 성공(20개 항목)
[vga] [290/605] pid=81380177 name=GIGABYTE 지포스 RTX 5060 Ti EAGLE OC D7 16GB 제이씨현 -> 성공(20개 항목)
[vga] [291/605] pid=81715421 name=갤럭시 GALAX 지포스 RTX 5060 Ti BLACK OC D7 16GB -> 성공(23개 항목)
[vga] [292/605] pid=81715478 name=갤럭시 GALAZ 지포스 RTX 5060 Ti BLACK OC D7 16GB -> 성공(23개 항목)
[vga] [293/605] pid=81715727 name=GIGABYTE AORUS 지포스 RTX 5060 Ti ELITE D7 16GB 피씨디렉트 -> 성공(22개 항목)
[vga] [294/605] pid=81715814 name=GIGABYTE 지포스 RTX 5060 Ti GAMING OC D7 16GB 피씨디렉트 -> 성공(22개 항목)
[vga] [295/605] pid=81715904 name=GIGABYTE 지포스 RTX 5060 Ti EAGLE OC D7 16GB 피씨디렉트 -> 성공(20개 항목)
[vga] [296/605] pid=81715940 name=GIGABYTE 지포스 RTX 5060 Ti EAGLE OC ICE D7 16GB 피씨디렉트 -> 성공(20개 항목)
[vga] [297/605] pid=81715985 name=GIGABYTE 지포스 RTX 5060 Ti WINDFORCE OC D7 16GB 피씨디렉트 -> 성공(20개 항목)
[vga] [298/605] pid=81716057 name=GIGABYTE 지포스 RTX 5060 Ti GAMING OC D7 8GB 피씨디렉트 -> 성공(20개 항목)
[vga] [299/605] pid=81716078 name=GIGABYTE 지포스 RTX 5060 Ti AERO OC D7 8GB 피씨디렉트 -> 성공(21개 항목)
[vga] [300/605] pid=81716102 name=GIGABYTE 지포스 RTX 5060 Ti EAGLE OC D7 8GB 피씨디렉트 -> 성공(18개 항목)
[vga] [301/605] pid=81716123 name=GIGABYTE 지포스 RTX 5060 Ti EAGLE OC ICE D7 8GB 피씨디렉트 -> 성공(18개 항목)
[vga] [302/605] pid=81716255 name=GIGABYTE 지포스 RTX 5060 Ti WINDFORCE OC D7 8GB 피씨디렉트 -> 성공(18개 항목)
[vga] [303/605] pid=81716264 name=GIGABYTE 지포스 RTX 5060 Ti WINDFORCE D7 8GB 피씨디렉트 -> 성공(18개 항목)
[vga] [304/605] pid=81716585 name=GAINWARD 지포스 RTX 5060 Ti 파이썬 III D7 16GB -> 성공(19개 항목)
[vga] [305/605] pid=81716594 name=GAINWARD 지포스 RTX 5060 Ti 고스트 D7 8GB -> 성공(18개 항목)
[vga] [306/605] pid=81750068 name=MANLI 지포스 RTX 5060 Ti Nebula D7 16GB 인텍앤컴퍼니 -> 성공(20개 항목)
[vga] [307/605] pid=81750227 name=MANLI 지포스 RTX 5060 Ti Polar Fox OC D7 16GB 인텍앤컴퍼니 -> 성공(21개 항목)
[vga] [308/605] pid=81990338 name=MSI 지포스 RTX 5060 Ti 벤투스 2X OC 플러스 D7 16GB -> 성공(21개 항목)
[vga] [309/605] pid=82047602 name=MSI 지포스 RTX 5060 Ti 게이밍 OC D7 16GB 트윈프로져 -> 성공(22개 항목)
[vga] [310/605] pid=82136408 name=PNY 지포스 RTX 5080 D7 16GB Triple Fan STCOM -> 성공(22개 항목)
[vga] [311/605] pid=82166672 name=PNY 지포스 RTX 5080 OC D7 16GB Triple Fan STCOM -> 성공(22개 항목)
[vga] [312/605] pid=82179890 name=PNY 지포스 RTX 5080 EPIC-X RGB OC D7 16GB Triple Fan STCOM -> 성공(22개 항목)
[vga] [313/605] pid=82225754 name=PNY 지포스 RTX 5070 Ti OC D7 16GB Triple Fan STCOM -> 성공(21개 항목)
[vga] [314/605] pid=82258553 name=PNY 지포스 RTX 5070 OC D7 12GB Triple Fan STCOM -> 성공(21개 항목)
[vga] [315/605] pid=82433444 name=ASUS PRIME 지포스 RTX 5060 TI D7 8GB 인텍앤컴퍼니 -> 성공(17개 항목)
[vga] [316/605] pid=82443086 name=ASUS DUAL 지포스 RTX 5060 TI OC D7 16GB 인텍앤컴퍼니 -> 성공(19개 항목)
[vga] [317/605] pid=82450160 name=ASUS DUAL 지포스 RTX 5060 TI OC D7 8GB 인텍앤컴퍼니 -> 성공(17개 항목)
[vga] [318/605] pid=82697921 name=MANLI 지포스 RTX 5060 Ti Nebula D7 8GB 인텍앤컴퍼니 -> 성공(18개 항목)
[vga] [319/605] pid=82717634 name=MANLI 지포스 RTX 5060 TI Polar Fox OC D7 8GB 인텍앤컴퍼니 -> 성공(19개 항목)
[vga] [320/605] pid=82733867 name=MANLI 지포스 RTX 5060 Ti Stellar OC D7 8GB 인텍앤컴퍼니 -> 성공(19개 항목)
[vga] [321/605] pid=85410707 name=ZOTAC GAMING 지포스 RTX 5060 Ti Twin Edge OC D7 8GB -> 성공(18개 항목)
[vga] [322/605] pid=85664150 name=갤럭시 GALAX 지포스 RTX 5060 Ti BLACK OC D7 8GB -> 성공(21개 항목)
[vga] [323/605] pid=85668698 name=갤럭시 GALAZ 지포스 RTX 5060 Ti BLACK OC D7 8GB -> 성공(21개 항목)
[vga] [324/605] pid=85674647 name=갤럭시 GALAX 지포스 RTX 5060 Ti WHITE OC D7 8GB -> 성공(21개 항목)
[vga] [325/605] pid=85682084 name=갤럭시 GALAZ 지포스 RTX 5060 Ti WHITE OC D7 8GB -> 성공(21개 항목)
[vga] [326/605] pid=85732049 name=ZOTAC GAMING 지포스 RTX 5070 AMP White D7 12GB -> 성공(24개 항목)
[vga] [327/605] pid=86449373 name=INNO3D 지포스 RTX 5060 Ti OC D7 16GB TWIN X2 WHITE -> 성공(21개 항목)
[vga] [328/605] pid=86478782 name=INNO3D 지포스 RTX 5060 Ti OC D7 8GB TWIN X2 WHITE -> 성공(19개 항목)
[vga] [329/605] pid=86560166 name=INNO3D 지포스 RTX 5060 Ti OC D7 8GB X3 -> 성공(19개 항목)
[vga] [330/605] pid=86592089 name=INNO3D 지포스 RTX 5060 Ti OC D7 16GB TWIN X2 -> 성공(21개 항목)
[vga] [331/605] pid=86649593 name=INNO3D 지포스 RTX 5060 Ti OC D7 8GB TWIN X2 -> 성공(19개 항목)
[vga] [332/605] pid=86803685 name=MSI 지포스 RTX 5060 Ti 게이밍 OC D7 8GB 트윈프로져 -> 성공(20개 항목)
[vga] [333/605] pid=86814989 name=MSI 지포스 RTX 5060 Ti 벤투스 2X OC 플러스 D7 8GB -> 성공(19개 항목)
[vga] [334/605] pid=87679496 name=PNY 지포스 RTX 5060 Ti OC D7 8GB Dual Fan STCOM -> 성공(20개 항목)
[vga] [335/605] pid=87687467 name=PNY 지포스 RTX 5060 Ti OC D7 16GB Dual Fan STCOM -> 성공(21개 항목)
[vga] [336/605] pid=88132187 name=GIGABYTE 지포스 RTX 5060 Ti AERO OC D7 8GB 제이씨현 -> 성공(21개 항목)
[vga] [337/605] pid=88132232 name=GIGABYTE 지포스 RTX 5060 Ti EAGLE OC D7 8GB 제이씨현 -> 성공(18개 항목)
[vga] [338/605] pid=88132265 name=GIGABYTE 지포스 RTX 5060 Ti EAGLE OC ICE D7 8GB 제이씨현 -> 성공(18개 항목)
[vga] [339/605] pid=88132295 name=GIGABYTE 지포스 RTX 5060 Ti GAMING OC D7 8GB 제이씨현 -> 성공(20개 항목)
[vga] [340/605] pid=88132310 name=GIGABYTE 지포스 RTX 5060 Ti WINDFORCE OC D7 8GB 제이씨현 -> 성공(18개 항목)
[vga] [341/605] pid=88132328 name=GIGABYTE 지포스 RTX 5060 Ti WINDFORCE D7 8GB 제이씨현 -> 성공(18개 항목)
[vga] [342/605] pid=88133213 name=ASUS DUAL 지포스 RTX 5060 TI OC D7 8GB 대원씨티에스 -> 성공(17개 항목)
[vga] [343/605] pid=88133276 name=ASUS DUAL 지포스 RTX 5060 TI OC D7 16GB 대원씨티에스 -> 성공(19개 항목)
[vga] [344/605] pid=88136921 name=ASUS PRIME 지포스 RTX 5060 TI OC D7 8GB 대원씨티에스 -> 성공(19개 항목)
[vga] [345/605] pid=88205957 name=ASUS PRIME 지포스 RTX 5060 TI OC D7 8GB 인텍앤컴퍼니 -> 성공(17개 항목)
[vga] [346/605] pid=88233557 name=COLORFUL 지포스 RTX 5060 Ti 토마호크 DUO D7 16GB 피씨디렉트 -> 성공(20개 항목)
[vga] [347/605] pid=89605799 name=ASUS TUF Gaming 지포스 RTX 5060 TI OC D7 8GB 인텍앤컴퍼니 -> 성공(20개 항목)
[vga] [348/605] pid=89732444 name=PALIT 지포스 RTX 5060 Ti INFINITY 3 D7 8GB 이엠텍 -> 성공(21개 항목)
[vga] [349/605] pid=89732453 name=PALIT 지포스 RTX 5060 Ti DUAL D7 8GB 이엠텍 -> 성공(22개 항목)
[vga] [350/605] pid=89862188 name=COLORFUL iGame 지포스 RTX 5060 Ti ULTRA DUO OC White D7 8GB 피씨디렉트 -> 성공(20개 항목)
[vga] [351/605] pid=89862254 name=COLORFUL iGame 지포스 RTX 5060 Ti ULTRA OC White D7 8GB 피씨디렉트 -> 성공(20개 항목)
[vga] [352/605] pid=89862281 name=COLORFUL 지포스 RTX 5060 Ti 토마호크 DUO D7 8GB 피씨디렉트 -> 성공(18개 항목)
[vga] [353/605] pid=89864198 name=갤럭시 GALAZ 지포스 GT710 D3 1GB LP 무소음 -> 성공(11개 항목)
[vga] [354/605] pid=89864669 name=갤럭시 GALAZ 지포스 GT710 D3 2GB LP 무소음 -> 성공(14개 항목)
[vga] [355/605] pid=89864702 name=갤럭시 GALAZ 지포스 GT730 D3 4GB LP -> 성공(14개 항목)
[vga] [356/605] pid=89864711 name=갤럭시 GALAZ 지포스 GT1030 D5 2GB -> 성공(15개 항목)
[vga] [357/605] pid=90113690 name=COLORFUL 지포스 RTX 5070 토마호크 EX V2 D7 12GB 피씨디렉트 -> 성공(22개 항목)
[vga] [358/605] pid=90160715 name=MSI 지포스 RTX 5070 Ti 게이밍 트리오 OC D7 16GB 트라이프로져4 -> 성공(27개 항목)
[vga] [359/605] pid=90435884 name=MSI 지포스 RTX 5070 Ti 게이밍 트리오 OC 화이트 D7 16GB 트라이프로져4 -> 성공(27개 항목)
[vga] [360/605] pid=90435962 name=MSI 지포스 RTX 5060 Ti 벤투스 2X 플러스 D7 16GB -> 성공(21개 항목)
[vga] [361/605] pid=90436100 name=MSI 지포스 RTX 5060 Ti 벤투스 2X 플러스 D7 8GB -> 성공(19개 항목)
[vga] [362/605] pid=90575306 name=ZOTAC GAMING 지포스 RTX 5060 AMP D7 8GB -> 성공(20개 항목)
[vga] [363/605] pid=90578306 name=PALIT 지포스 RTX 5060 Ti INFINITY 3 OC D7 8GB 이엠텍 -> 성공(21개 항목)
[vga] [364/605] pid=90642689 name=PALIT 지포스 RTX 5060 Ti DUAL OC D7 8GB 이엠텍 -> 성공(22개 항목)
[vga] [365/605] pid=90642860 name=ASUS ROG STRIX 지포스 RTX 5070 Ti OC D7 16GB 인텍앤컴퍼니 -> 성공(22개 항목)
[vga] [366/605] pid=90644048 name=MANLI 지포스 RTX 5070 Polar Fox OC V2 D7 12GB 인텍앤컴퍼니 -> 성공(22개 항목)
[vga] [367/605] pid=90644501 name=MANLI 지포스 RTX 5060 Nebula D7 8GB 인텍앤컴퍼니 -> 성공(17개 항목)
[vga] [368/605] pid=90644597 name=MANLI 지포스 RTX 5060 Polar Fox D7 OC 8GB 인텍앤컴퍼니 -> 성공(18개 항목)
[vga] [369/605] pid=90701393 name=갤럭시 GALAZ 지포스 RTX 3050 EX BLACK D6 6GB DVI -> 성공(18개 항목)
[vga] [370/605] pid=90887702 name=PNY 지포스 RTX 5060 OC D7 8GB Dual Fan STCOM -> 성공(17개 항목)
[vga] [371/605] pid=90887879 name=PALIT 지포스 RTX 5060 DUAL OC D7 8GB 이엠텍 -> 성공(21개 항목)
[vga] [372/605] pid=90887900 name=PALIT 지포스 RTX 5060 DUAL D7 8GB 이엠텍 -> 성공(21개 항목)
[vga] [373/605] pid=90889442 name=PALIT 지포스 RTX 5060 INFINITY 3 OC D7 8GB 이엠텍 -> 성공(21개 항목)
[vga] [374/605] pid=90889598 name=GIGABYTE AORUS 지포스 RTX 5060 ELITE D7 8GB 피씨디렉트 -> 성공(20개 항목)
[vga] [375/605] pid=90889682 name=GIGABYTE 지포스 RTX 5060 GAMING OC D7 8GB 피씨디렉트 -> 성공(20개 항목)
[vga] [376/605] pid=90889754 name=GIGABYTE 지포스 RTX 5060 AERO OC D7 8GB 피씨디렉트 -> 성공(20개 항목)
[vga] [377/605] pid=90889790 name=GIGABYTE 지포스 RTX 5060 EAGLE OC ICE D7 8GB 피씨디렉트 -> 성공(19개 항목)
[vga] [378/605] pid=90889817 name=GIGABYTE 지포스 RTX 5060 EAGLE OC D7 8GB 피씨디렉트 -> 성공(19개 항목)
[vga] [379/605] pid=90889865 name=GIGABYTE 지포스 RTX 5060 WINDFORCE OC D7 8GB 피씨디렉트 -> 성공(18개 항목)
[vga] [380/605] pid=90889892 name=GIGABYTE 지포스 RTX 5060 WINDFORCE D7 8GB 피씨디렉트 -> 성공(18개 항목)
[vga] [381/605] pid=90889937 name=GIGABYTE 지포스 RTX 5060 UD2 OC D7 8GB Nano LP 피씨디렉트 -> 성공(18개 항목)
[vga] [382/605] pid=90892928 name=GAINWARD 지포스 RTX 5060 고스트 D7 8GB -> 성공(18개 항목)
[vga] [383/605] pid=90892943 name=GIGABYTE 지포스 RTX 5060 AERO OC D7 8GB 제이씨현 -> 성공(20개 항목)
[vga] [384/605] pid=90892949 name=GIGABYTE 지포스 RTX 5060 EAGLE OC D7 8GB 제이씨현 -> 성공(19개 항목)
[vga] [385/605] pid=90892955 name=GIGABYTE 지포스 RTX 5060 EAGLE OC ICE D7 8GB 제이씨현 -> 성공(19개 항목)
[vga] [386/605] pid=90892958 name=GIGABYTE 지포스 RTX 5060 GAMING OC D7 8GB 제이씨현 -> 성공(20개 항목)
[vga] [387/605] pid=90892964 name=GIGABYTE 지포스 RTX 5060 UD2 OC D7 8GB Nano LP 제이씨현 -> 성공(18개 항목)
[vga] [388/605] pid=90892967 name=GIGABYTE 지포스 RTX 5060 WINDFORCE D7 8GB 제이씨현 -> 성공(18개 항목)
[vga] [389/605] pid=90892970 name=GIGABYTE 지포스 RTX 5060 WINDFORCE OC D7 8GB 제이씨현 -> 성공(18개 항목)
[vga] [390/605] pid=90955439 name=COLORFUL iGame 지포스 RTX 5060 ULTRA OC White D7 8GB 피씨디렉트 -> 성공(22개 항목)
[vga] [391/605] pid=90955670 name=갤럭시 GALAX 지포스 RTX 5060 EX BLACK OC D7 8GB -> 성공(18개 항목)
[vga] [392/605] pid=90955808 name=갤럭시 GALAX 지포스 RTX 5060 EX WHITE OC D7 8GB -> 성공(18개 항목)
[vga] [393/605] pid=90955853 name=갤럭시 GALAZ 지포스 RTX 5060 EX BLACK OC D7 8GB -> 성공(18개 항목)
[vga] [394/605] pid=90955895 name=갤럭시 GALAZ 지포스 RTX 5060 EX WHITE OC D7 8GB -> 성공(18개 항목)
[vga] [395/605] pid=90955973 name=MSI 지포스 RTX 5060 쉐도우 2X OC D7 8GB -> 성공(19개 항목)
[vga] [396/605] pid=90956033 name=MSI 지포스 RTX 5060 벤투스 2X OC D7 8GB -> 성공(19개 항목)
[vga] [397/605] pid=90956816 name=MANLI 지포스 RTX 5060 Nebula D7 8GB 대원씨티에스 -> 성공(17개 항목)
[vga] [398/605] pid=90956867 name=MANLI 지포스 RTX 5060 Polar Fox D7 OC 8GB 대원씨티에스 -> 성공(18개 항목)
[vga] [399/605] pid=90957326 name=ASUS DUAL 지포스 RTX 5060 OC D7 8GB 대원씨티에스 -> 성공(20개 항목)
[vga] [400/605] pid=90957422 name=ASUS PRIME 지포스 RTX 5060 OC D7 8GB 대원씨티에스 -> 성공(20개 항목)
[vga] [401/605] pid=90957482 name=ASUS TUF Gaming 지포스 RTX 5060 OC D7 8GB 대원씨티에스 -> 성공(21개 항목)
[vga] [402/605] pid=90960104 name=COLORFUL iGame 지포스 RTX 5060 ULTRA DUO OC White D7 8GB 피씨디렉트 -> 성공(22개 항목)
[vga] [403/605] pid=90960149 name=COLORFUL 지포스 RTX 5060 토마호크 DUO D7 8GB 피씨디렉트 -> 성공(20개 항목)
[vga] [404/605] pid=90961208 name=INNO3D 지포스 RTX 5060 D7 8GB TWIN X2 -> 성공(19개 항목)
[vga] [405/605] pid=90961244 name=INNO3D 지포스 RTX 5060 OC D7 8GB TWIN X2 -> 성공(19개 항목)
[vga] [406/605] pid=90961373 name=INNO3D 지포스 RTX 5060 OC D7 8GB TWIN X2 WHITE -> 성공(19개 항목)
[vga] [407/605] pid=91189013 name=이엠텍 지포스 RTX 5060 Ti MIRACLE WHITE D7 16GB -> 성공(24개 항목)
[vga] [408/605] pid=91426661 name=갤럭시 GALAX 지포스 RTX 5060 BLACK OC D7 8GB -> 성공(21개 항목)
[vga] [409/605] pid=91496162 name=ASUS PRIME 지포스 RTX 5060 OC D7 8GB 인텍앤컴퍼니 -> 성공(20개 항목)
[vga] [410/605] pid=91496285 name=ASUS TUF Gaming 지포스 RTX 5060 OC D7 8GB 인텍앤컴퍼니 -> 성공(21개 항목)
[vga] [411/605] pid=91496327 name=ASUS DUAL 지포스 RTX 5060 OC D7 8GB 인텍앤컴퍼니 -> 성공(20개 항목)
[vga] [412/605] pid=91768979 name=PALIT 지포스 RTX 5070 Ti GAMINGPRO-S D7 16GB 이엠텍 -> 성공(26개 항목)
[vga] [413/605] pid=91769021 name=PALIT 지포스 RTX 5070 GAMINGPRO-S D7 12GB 이엠텍 -> 성공(26개 항목)
[vga] [414/605] pid=91910279 name=ZOTAC GAMING 지포스 RTX 5060 Twin Edge OC D7 8GB -> 성공(18개 항목)
[vga] [415/605] pid=91910567 name=갤럭시 GALAX 지포스 RTX 5060 Ti EX WHITE OC D7 8GB -> 성공(20개 항목)
[vga] [416/605] pid=91910630 name=갤럭시 GALAZ 지포스 RTX 5060 Ti EX WHITE OC D7 8GB -> 성공(20개 항목)
[vga] [417/605] pid=91912697 name=MAXSUN 지포스 RTX 3050 터미네이터 D6 6GB 디앤디컴 -> 성공(14개 항목)
[vga] [418/605] pid=91912736 name=MAXSUN 지포스 RTX 3050 트랜스포머 D6 6GB 디앤디컴 -> 성공(15개 항목)
[vga] [419/605] pid=92044253 name=이엠텍 지포스 RTX 5060 MIRACLE WHITE D7 8GB -> 성공(22개 항목)
[vga] [420/605] pid=92046863 name=PNY 지포스 RTX 5070 EPIC-X RGB OC D7 12GB Triple Fan STCOM -> 성공(22개 항목)
[vga] [421/605] pid=92046968 name=PNY 지포스 RTX 5060 Ti EPIC-X RGB OC D7 16GB Triple Fan STCOM -> 성공(22개 항목)
[vga] [422/605] pid=92153012 name=갤럭시 GALAX 지포스 RTX 5060 WHITE OC D7 8GB -> 성공(18개 항목)
[vga] [423/605] pid=92153132 name=갤럭시 GALAZ 지포스 RTX 5060 WHITE OC D7 8GB -> 성공(18개 항목)
[vga] [424/605] pid=92187056 name=갤럭시 GALAX 지포스 RTX 5060 Ti EX BLACK OC D7 8GB -> 성공(20개 항목)
[vga] [425/605] pid=92187074 name=갤럭시 GALAZ 지포스 RTX 5060 Ti EX BLACK OC D7 8GB -> 성공(20개 항목)
[vga] [426/605] pid=92358173 name=ZOTAC GAMING 지포스 RTX 5070 Ti SOLID CORE OC D7 16GB -> 성공(25개 항목)
[vga] [427/605] pid=92678951 name=ASUS DUAL 지포스 RTX 5070 OC D7 12GB 인텍앤컴퍼니 -> 성공(22개 항목)
[vga] [428/605] pid=92679020 name=ASUS ROG STRIX 지포스 RTX 5070 OC D7 12GB 인텍앤컴퍼니 -> 성공(23개 항목)
[vga] [429/605] pid=92888903 name=ASUS TUF Gaming 지포스 RTX 5070 Ti WHITE OC D7 16GB 인텍앤컴퍼니 -> 성공(22개 항목)
[vga] [430/605] pid=92889065 name=ZOTAC GAMING 지포스 RTX 5070 Ti SOLID CORE OC White D7 16GB -> 성공(25개 항목)
[vga] [431/605] pid=92892350 name=ASUS ROG Astral 지포스 RTX 5080 WHITE OC D7 16GB 대원씨티에스 -> 성공(25개 항목)
[vga] [432/605] pid=92892743 name=ASUS PRIME 지포스 RTX 5070 WHITE OC D7 12GB 대원씨티에스 -> 성공(21개 항목)
[vga] [433/605] pid=92971433 name=PNY 지포스 RTX 5060 OC D7 8GB Dual Fan 제이씨현 -> 성공(17개 항목)
[vga] [434/605] pid=92971448 name=갤럭시 GALAZ 지포스 GT1030 EXOC WHITE D5 2GB LP -> 성공(13개 항목)
[vga] [435/605] pid=93318653 name=ASUS DUAL 지포스 RTX 5050 OC D6 8GB 대원씨티에스 -> 성공(18개 항목)
[vga] [436/605] pid=93381587 name=PALIT 지포스 RTX 5050 DUAL D6 8GB 이엠텍 -> 성공(21개 항목)
[vga] [437/605] pid=93382082 name=MANLI 지포스 RTX 5050 Nebula D6 8GB 대원씨티에스 -> 성공(20개 항목)
[vga] [438/605] pid=93382217 name=MANLI 지포스 RTX 5050 Polar Fox OC D6 8GB 대원씨티에스 -> 성공(21개 항목)
[vga] [439/605] pid=93385700 name=PNY 지포스 RTX 5060 Ti OC D7 8GB Dual Fan 한성컴퓨터 -> 성공(20개 항목)
[vga] [440/605] pid=93386447 name=PNY 지포스 RTX 5070 Ti OC D7 16GB Triple Fan 한성컴퓨터 -> 성공(21개 항목)
[vga] [441/605] pid=93386549 name=GIGABYTE 지포스 RTX 5050 GAMING OC D6 8GB 피씨디렉트 -> 성공(20개 항목)
[vga] [442/605] pid=93386564 name=GIGABYTE 지포스 RTX 5050 WINDFORCE OC D6 8GB 피씨디렉트 -> 성공(19개 항목)
[vga] [443/605] pid=93386588 name=GIGABYTE 지포스 RTX 5050 UD2 OC D6 8GB Nano LP 피씨디렉트 -> 성공(19개 항목)
[vga] [444/605] pid=93446051 name=ASUS DUAL 지포스 RTX 5070 OC D7 12GB 대원씨티에스 -> 성공(22개 항목)
[vga] [445/605] pid=93501725 name=갤럭시 GALAX 지포스 RTX 5050 BLACK OC D6 8GB DUAL HDMI -> 성공(20개 항목)
[vga] [446/605] pid=93501767 name=갤럭시 GALAZ 지포스 RTX 5050 BLACK OC D6 8GB DUAL HDMI -> 성공(20개 항목)
[vga] [447/605] pid=93502205 name=COLORFUL 지포스 RTX 5050 Battle AX DUO D6 8GB 피씨디렉트 -> 성공(16개 항목)
[vga] [448/605] pid=93629129 name=MANLI 지포스 RTX 5050 Nebula D6 8GB 인텍앤컴퍼니 -> 성공(20개 항목)
[vga] [449/605] pid=93629741 name=MANLI 지포스 RTX 5050 Polar Fox OC D6 8GB 인텍앤컴퍼니 -> 성공(21개 항목)
[vga] [450/605] pid=93630089 name=액슬 지포스 RTX 3080 D6X 10GB 에즈윈 -> 성공(16개 항목)
[vga] [451/605] pid=93697997 name=ASUS DUAL 지포스 RTX 5050 OC D6 8GB 인텍앤컴퍼니 -> 성공(18개 항목)
[vga] [452/605] pid=93698225 name=COLORFUL iGame 지포스 RTX 5050 ULTRA DUO OC White D6 8GB 피씨디렉트 -> 성공(21개 항목)
[vga] [453/605] pid=93698783 name=GIGABYTE 지포스 RTX 5050 GAMING OC D6 8GB 제이씨현 -> 성공(20개 항목)
[vga] [454/605] pid=93698855 name=GIGABYTE 지포스 RTX 5050 WINDFORCE OC D6 8GB 제이씨현 -> 성공(19개 항목)
[vga] [455/605] pid=93698933 name=GIGABYTE 지포스 RTX 5050 UD2 OC D6 8GB Nano LP 제이씨현 -> 성공(19개 항목)
[vga] [456/605] pid=93703604 name=ZOTAC GAMING 지포스 RTX 5050 Twin Edge D6 8GB -> 성공(19개 항목)
[vga] [457/605] pid=93704759 name=GIGABYTE 지포스 RTX 5060 Ti WINDFORCE MAX OC D7 8GB 피씨디렉트 -> 성공(19개 항목)
[vga] [458/605] pid=93704792 name=GIGABYTE 지포스 RTX 5060 Ti WINDFORCE MAX OC D7 16GB 피씨디렉트 -> 성공(20개 항목)
[vga] [459/605] pid=93704816 name=GIGABYTE 지포스 RTX 5060 WINDFORCE MAX OC D7 8GB 피씨디렉트 -> 성공(18개 항목)
[vga] [460/605] pid=93861539 name=ASUS DUAL 지포스 RTX 5060 D7 8GB 인텍앤컴퍼니 -> 성공(20개 항목)
[vga] [461/605] pid=93861635 name=ASUS PRIME 지포스 RTX 5070 WHITE OC D7 12GB 인텍앤컴퍼니 -> 성공(21개 항목)
[vga] [462/605] pid=93916847 name=갤럭시 GALAX 지포스 RTX 5080 HOF GAMING D7 16GB -> 성공(26개 항목)
[vga] [463/605] pid=94028480 name=MANLI 지포스 RTX 5070 Ti Gallardo OC D7 16GB White 인텍앤컴퍼니 -> 성공(22개 항목)
[vga] [464/605] pid=94028864 name=GIGABYTE 지포스 RTX 5060 Ti WINDFORCE MAX OC D7 8GB 제이씨현 -> 성공(19개 항목)
[vga] [465/605] pid=94028903 name=GIGABYTE 지포스 RTX 5060 Ti WINDFORCE MAX OC D7 16GB 제이씨현 -> 성공(20개 항목)
[vga] [466/605] pid=94028963 name=GIGABYTE 지포스 RTX 5060 WINDFORCE MAX OC D7 8GB 제이씨현 -> 성공(18개 항목)
[vga] [467/605] pid=94201541 name=MANLI 지포스 RTX 5080 Gallardo OC D7 16GB White 인텍앤컴퍼니 -> 성공(21개 항목)
[vga] [468/605] pid=94203794 name=MSI 지포스 RTX 5050 쉐도우 2X OC D6 8GB -> 성공(22개 항목)
[vga] [469/605] pid=94203833 name=MSI 지포스 RTX 5050 벤투스 2X OC D6 8GB -> 성공(22개 항목)
[vga] [470/605] pid=94261262 name=INNO3D 지포스 RTX 5050 D6 8GB TWIN X2 -> 성공(18개 항목)
[vga] [471/605] pid=94445579 name=GAINWARD 지포스 RTX 5050 고스트 D6 8GB -> 성공(21개 항목)
[vga] [472/605] pid=94445780 name=GAINWARD 지포스 RTX 5060 Ti 고스트 OC D7 8GB -> 성공(21개 항목)
[vga] [473/605] pid=94445978 name=GAINWARD 지포스 RTX 5070 Ti 피닉스-S D7 16GB -> 성공(25개 항목)
[vga] [474/605] pid=94520585 name=갤럭시 GALAX 지포스 RTX 5060 BLACK OC D7 8GB DUAL HDMI -> 성공(22개 항목)
[vga] [475/605] pid=94520921 name=갤럭시 GALAZ 지포스 RTX 5070 Ti HOF GAMING D7 16GB -> 성공(26개 항목)
[vga] [476/605] pid=94521011 name=갤럭시 GALAX 지포스 RTX 5070 Ti HOF GAMING D7 16GB -> 성공(26개 항목)
[vga] [477/605] pid=94524596 name=ASUS DUAL 지포스 RTX 5050 D6 8GB 대원씨티에스 -> 성공(20개 항목)
[vga] [478/605] pid=94569131 name=GIGABYTE 지포스 RTX 5060 EAGLE MAX OC D7 8GB 제이씨현 -> 성공(19개 항목)
[vga] [479/605] pid=94570298 name=ASUS ROG Astral 지포스 RTX 5080 WHITE OC D7 16GB 인텍앤컴퍼니 -> 성공(25개 항목)
[vga] [480/605] pid=94691930 name=GIGABYTE 지포스 RTX 5060 Ti EAGLE MAX OC D7 8GB 피씨디렉트 -> 성공(18개 항목)
[vga] [481/605] pid=94695290 name=PALIT 지포스 RTX 5050 STORM X D6 8GB 이엠텍 -> 성공(19개 항목)
[vga] [482/605] pid=94695566 name=PALIT 지포스 RTX 5060 WHITE OC D7 8GB 이엠텍 -> 성공(22개 항목)
[vga] [483/605] pid=95001017 name=갤럭시 GALAX 지포스 RTX 5080 HOF GAMING BLACK D7 16GB -> 성공(26개 항목)
[vga] [484/605] pid=95001035 name=갤럭시 GALAZ 지포스 RTX 5080 HOF GAMING BLACK D7 16GB -> 성공(26개 항목)
[vga] [485/605] pid=95200559 name=FORSA 지포스 GT730 D3 2GB WIN -> 성공(12개 항목)
[vga] [486/605] pid=95206529 name=PNY 지포스 RTX 5060 Ti OC D7 8GB Dual Fan 제이씨현 -> 성공(20개 항목)
[vga] [487/605] pid=95206559 name=PNY 지포스 RTX 5060 Ti D7 8GB Dual Fan 제이씨현 -> 성공(20개 항목)
[vga] [488/605] pid=95423255 name=MANLI 지포스 RTX 5070 Polar Fox OC V2 D7 12GB 대원씨티에스 -> 성공(22개 항목)
[vga] [489/605] pid=95423621 name=갤럭시 GALAX 지포스 RTX 5070 Ti HOF GAMING BLACK D7 16GB -> 성공(26개 항목)
[vga] [490/605] pid=95423684 name=갤럭시 GALAZ 지포스 RTX 5070 Ti HOF GAMING BLACK D7 16GB -> 성공(26개 항목)
[vga] [491/605] pid=95425559 name=TAGER 지포스 GT730 D3 2GB WIN -> 성공(12개 항목)
[vga] [492/605] pid=95928785 name=ZOTAC GAMING 지포스 RTX 5060 Ti Twin Edge OC White D7 16GB -> 성공(22개 항목)
[vga] [493/605] pid=95929190 name=AFOX 지포스 RTX 4080 SUPER BLOWER D6X 16GB 에즈윈 -> 성공(15개 항목)
[vga] [494/605] pid=95987477 name=이엠텍 지포스 RTX 5050 MIRACLE WHITE D6 8GB -> 성공(19개 항목)
[vga] [495/605] pid=96057863 name=ASUS 지포스 RTX 5060 LP BRK OC D7 8GB 대원씨티에스 -> 성공(17개 항목)
[vga] [496/605] pid=96258566 name=리드텍 WinFast 지포스 RTX 5060 Ti HURRICANE D7 16GB -> 성공(20개 항목)
[vga] [497/605] pid=96259577 name=MSI 지포스 RTX 5060 Ti 쉐도우 2X OC 플러스 D7 16GB -> 성공(22개 항목)
[vga] [498/605] pid=96313871 name=ZOTAC GAMING 지포스 RTX 5060 Twin Edge OC White D7 8GB -> 성공(19개 항목)
[vga] [499/605] pid=96366407 name=PALIT 지포스 RTX 5060 Ti WHITE OC D7 16GB 이엠텍 -> 성공(23개 항목)
[vga] [500/605] pid=96369578 name=MSI 지포스 RTX 5070 쉐도우 2X OC D7 12GB -> 성공(23개 항목)
[vga] [501/605] pid=96369605 name=MSI 지포스 RTX 5060 Ti 쉐도우 2X OC 플러스 D7 8GB -> 성공(20개 항목)
[vga] [502/605] pid=96579917 name=PALIT 지포스 RTX 5070 WHITE OC D7 12GB 이엠텍 -> 성공(24개 항목)
[vga] [503/605] pid=96776702 name=이엠텍 지포스 RTX 5060 Ti MIRACLE X2 WHITE D7 8GB -> 성공(19개 항목)
[vga] [504/605] pid=96987773 name=ZOTAC GAMING 지포스 RTX 5060 LP D7 8GB -> 성공(20개 항목)
[vga] [505/605] pid=97364696 name=GIGABYTE 지포스 RTX 5060 EAGLE MAX OC D7 8GB 피씨디렉트 -> 성공(19개 항목)
[vga] [506/605] pid=97476629 name=ASUS ProArt 지포스 RTX 5080 OC D7 16GB 대원씨티에스 -> 성공(22개 항목)
[vga] [507/605] pid=97780238 name=PALIT 지포스 RTX 3050 STORM X D6 6GB 이엠텍 -> 성공(17개 항목)
[vga] [508/605] pid=97837304 name=ASUS DUAL 지포스 RTX 5060 WHITE OC D7 8GB 인텍앤컴퍼니 -> 성공(20개 항목)
[vga] [509/605] pid=97837445 name=ASUS 지포스 RTX 5080 OC D7 16GB NOCTUA 인텍앤컴퍼니 -> 성공(23개 항목)
[vga] [510/605] pid=98077877 name=아툼 지포스 RTX 3050 BARAMINE D6 6GB DUAL -> 성공(13개 항목)
[vga] [511/605] pid=98184494 name=갤럭시 GALAZ 지포스 RTX 5060 Ti BLACK 3X D7 16GB DUAL HDMI -> 성공(22개 항목)
[vga] [512/605] pid=98227514 name=MANLI 지포스 RTX 5070 Nebula D7 12GB Dual Fan 대원씨티에스 -> 성공(21개 항목)
[vga] [513/605] pid=98410967 name=갤럭시 GALAX 지포스 RTX 5070 Ti WHITE 2X OC D7 16GB -> 성공(23개 항목)
[vga] [514/605] pid=98412050 name=PNY 지포스 RTX 5050 D6 8GB Dual Fan 제이씨현 -> 성공(20개 항목)
[vga] [515/605] pid=98484845 name=갤럭시 GALAZ 지포스 RTX 5050 BLACK OC V2 D6 8GB DUAL HDMI -> 성공(20개 항목)
[vga] [516/605] pid=98771447 name=갤럭시 GALAX 지포스 RTX 5060 Ti BLACK OC Classic D7 8GB -> 성공(22개 항목)
[vga] [517/605] pid=98779298 name=갤럭시 GALAZ 지포스 RTX 5060 Ti BLACK OC Classic D7 8GB -> 성공(22개 항목)
[vga] [518/605] pid=98920820 name=액슬 지포스 GTX 1650 D6 4GB R3 에즈윈 -> 성공(15개 항목)
[vga] [519/605] pid=99128480 name=액슬 지포스 GT730 클래식 D3 4GB R2 에즈윈 -> 성공(14개 항목)
[vga] [520/605] pid=99290201 name=ZOTAC GAMING 지포스 RTX 5050 Twin Edge OC White D6 8GB -> 성공(19개 항목)
[vga] [521/605] pid=99291419 name=Razer Core X V2 -> 성공(7개 항목)
[vga] [522/605] pid=99742721 name=갤럭시 GALAX 지포스 RTX 5060 Ti BLACK 3X D7 16GB DUAL HDMI -> 성공(21개 항목)
[vga] [523/605] pid=99742778 name=갤럭시 GALAX 지포스 RTX 5050 WHITE OC D6 8GB DUAL HDMI -> 성공(21개 항목)
[vga] [524/605] pid=99748187 name=GIGABYTE 지포스 RTX 5060 Ti EAGLE MAX OC D7 16GB 피씨디렉트 -> 성공(20개 항목)
[vga] [525/605] pid=99839876 name=갤럭시 GALAX 지포스 RTX 5070 Ti BLACK 2X OC D7 16GB -> 성공(25개 항목)
[vga] [526/605] pid=99892193 name=갤럭시 GALAZ 지포스 RTX 5070 Ti BLACK 2X OC D7 16GB -> 성공(25개 항목)
[vga] [527/605] pid=99895814 name=갤럭시 GALAX 지포스 RTX 5060 WHITE OC V2 D7 8GB -> 성공(19개 항목)
[vga] [528/605] pid=99895865 name=갤럭시 GALAZ 지포스 RTX 5060 WHITE OC V2 D7 8GB -> 성공(19개 항목)
[vga] [529/605] pid=99895952 name=아툼 지포스 GTX 1660 SUPER BARAMINE II D6 6GB DUAL -> 성공(14개 항목)
[vga] [530/605] pid=99896006 name=PNY 지포스 RTX 5070 Ti OC D7 16GB Triple Fan 제이씨현 -> 성공(20개 항목)
[vga] [531/605] pid=99896039 name=갤럭시 GALAX 지포스 RTX 5060 BLACK OC V2 D7 8GB -> 성공(19개 항목)
[vga] [532/605] pid=99896066 name=갤럭시 GALAZ 지포스 RTX 5060 BLACK OC V2 D7 8GB -> 성공(19개 항목)
[vga] [533/605] pid=99896525 name=갤럭시 GALAX 지포스 RTX 5060 BLACK OC V2 D7 8GB DUAL HDMI -> 성공(22개 항목)
[vga] [534/605] pid=99896534 name=갤럭시 GALAZ 지포스 RTX 5060 BLACK OC V2 D7 8GB DUAL HDMI -> 성공(22개 항목)
[vga] [535/605] pid=100270736 name=INNO3D 지포스 RTX 5060 OC V2 D7 8GB TWIN X2 -> 성공(18개 항목)
[vga] [536/605] pid=100273427 name=MANLI 지포스 RTX 5080 Polar Fox OC V2 D7 16GB 대원씨티에스 -> 성공(22개 항목)
[vga] [537/605] pid=100325213 name=COLORFUL 지포스 RTX 5060 GAMING DUO D7 8GB 피씨디렉트 -> 성공(19개 항목)
[vga] [538/605] pid=100618931 name=갤럭시 GALAX 지포스 RTX 5060 BLACK D7 8GB LP -> 성공(18개 항목)
[vga] [539/605] pid=101077676 name=AFOX 지포스 GTX1050 Ti H7 D5 4GB 대원씨티에스 -> 성공(14개 항목)
[vga] [540/605] pid=101725700 name=COLORFUL 지포스 RTX 5060 Ti GAMING DUO D7 8GB 피씨디렉트 -> 성공(19개 항목)
[vga] [541/605] pid=101725832 name=COLORFUL 지포스 RTX 5060 Ti GAMING DUO D7 16GB 피씨디렉트 -> 성공(19개 항목)
[vga] [542/605] pid=101725835 name=COLORFUL 지포스 RTX 5070 GAMING D7 12GB 피씨디렉트 -> 성공(22개 항목)
[vga] [543/605] pid=101956631 name=MANLI 지포스 RTX 5060 Ti Nebula V2 D7 8GB 대원씨티에스 -> 성공(19개 항목)
[vga] [544/605] pid=102004850 name=COLORFUL 지포스 RTX 3050 GAMING DUO V4 D6 6GB 피씨디렉트 -> 성공(16개 항목)
[vga] [545/605] pid=103187984 name=ASUS ProArt 지포스 RTX 5080 OC D7 16GB 인텍앤컴퍼니 -> 성공(23개 항목)
[vga] [546/605] pid=103481879 name=GIGABYTE 지포스 RTX 5060 Ti EAGLE MAX OC D7 8GB 제이씨현 -> 성공(18개 항목)
[vga] [547/605] pid=103880240 name=COLORFUL iGame 지포스 RTX 3050 ULTRA DUO OC V2 White D6 8GB 피씨디렉트 -> 성공(21개 항목)
[vga] [548/605] pid=104359454 name=갤럭시 GALAX 지포스 RTX 5050 BLACK OC V2 D6 8GB DUAL HDMI -> 성공(20개 항목)
[vga] [549/605] pid=104614712 name=MANLI 지포스 RTX 5060 Ti Nebula V2 D7 8GB 인텍앤컴퍼니 -> 성공(19개 항목)
[vga] [550/605] pid=104615543 name=ASUS ProArt 지포스 RTX 5070 Ti OC D7 16GB 인텍앤컴퍼니 -> 성공(20개 항목)
[vga] [551/605] pid=104628866 name=ASUS DUAL 지포스 RTX 5060 EVO OC D7 8GB 인텍앤컴퍼니 -> 성공(17개 항목)
[vga] [552/605] pid=104966396 name=FORSA 지포스 RTX 3050 6GB White Cube -> 성공(11개 항목)
[vga] [553/605] pid=104966591 name=COLORFUL 지포스 RTX 5050 GAMING DUO D6 8GB 피씨디렉트 -> 성공(15개 항목)
[vga] [554/605] pid=104989451 name=ASUS DUAL 지포스 RTX 5060 EVO OC D7 8GB 대원씨티에스 -> 성공(17개 항목)
[vga] [555/605] pid=105817778 name=PNY 지포스 RTX 5050 D6 8GB Dual Fan STCOM -> 성공(20개 항목)
[vga] [556/605] pid=105968504 name=GAINWARD 지포스 RTX 5070 파이썬 III OC D7 12GB -> 성공(22개 항목)
[vga] [557/605] pid=106710902 name=PALIT 지포스 RTX 5070 Ti GAMINGPRO-S OC D7 16GB 이엠텍 -> 성공(26개 항목)
[vga] [558/605] pid=106711547 name=COLORFUL iGame 지포스 RTX 5060 Ti ULTRA DUO OC White D7 8GB 도우정보 -> 성공(21개 항목)
[vga] [559/605] pid=106711598 name=COLORFUL iGame 지포스 RTX 5070 Ti ULTRA OC White D7 16GB 도우정보 -> 성공(27개 항목)
[vga] [560/605] pid=106711625 name=COLORFUL iGame 지포스 RTX 5070 ULTRA OC White D7 12GB 도우정보 -> 성공(26개 항목)
[vga] [561/605] pid=106712012 name=COLORFUL iGame 지포스 RTX 5080 ULTRA OC White D7 16GB 도우정보 -> 성공(27개 항목)
[vga] [562/605] pid=106712042 name=COLORFUL 지포스 RTX 3050 GAMING DUO V4 D6 6GB 도우정보 -> 성공(16개 항목)
[vga] [563/605] pid=106712105 name=COLORFUL 지포스 RTX 5070 GAMING D7 12GB 도우정보 -> 성공(23개 항목)
[vga] [564/605] pid=106712144 name=COLORFUL 지포스 RTX 5060 GAMING DUO D7 8GB 도우정보 -> 성공(20개 항목)
[vga] [565/605] pid=106712198 name=COLORFUL 지포스 RTX 5060 Ti BATTLE AX DUO D7 16GB 도우정보 -> 성공(21개 항목)
[vga] [566/605] pid=106712255 name=COLORFUL 지포스 RTX 5070 Ti BATTLE AX D7 16GB 도우정보 -> 성공(24개 항목)
[vga] [567/605] pid=106736336 name=COLORFUL 지포스 RTX 5060 Ti GAMING DUO D7 8GB 도우정보 -> 성공(19개 항목)
[vga] [568/605] pid=106754483 name=갤럭시 GALAX 지포스 RTX 5060 Ti BLACK OC V2 D7 8GB -> 성공(21개 항목)
[vga] [569/605] pid=106754843 name=갤럭시 GALAZ 지포스 RTX 5060 Ti BLACK OC V2 D7 8GB -> 성공(21개 항목)
[vga] [570/605] pid=106767521 name=GIGABYTE 지포스 RTX 5070 Ti WINDFORCE OC V2 D7 16GB 피씨디렉트 -> 성공(21개 항목)
[vga] [571/605] pid=106780118 name=GAINWARD 지포스 RTX 5070 Ti 피닉스-S GS OC D7 16GB -> 성공(25개 항목)
[vga] [572/605] pid=108176363 name=GIGABYTE 지포스 RTX 5070 Ti WINDFORCE OC V2 D7 16GB 제이씨현 -> 성공(21개 항목)
[vga] [573/605] pid=108418766 name=COLORFUL 지포스 RTX 5060 Ti GAMING DUO D7 16GB 도우정보 -> 성공(19개 항목)
[vga] [574/605] pid=108418784 name=COLORFUL iGame 지포스 RTX 5050 ULTRA DUO OC White D6 8GB 도우정보 -> 성공(21개 항목)
[vga] [575/605] pid=108418823 name=COLORFUL 지포스 RTX 5050 GAMING DUO D6 8GB 도우정보 -> 성공(15개 항목)
[vga] [576/605] pid=108693833 name=갤럭시 GALAX 지포스 RTX 5060 Ti BLACK OC V2 D7 16GB -> 성공(23개 항목)
[vga] [577/605] pid=112881201 name=액슬 엑슬 지포스 RTX 3070 Ti D6X 8GB 에즈윈 -> 성공(5개 항목)
[vga] [578/605] pid=122621334 name=NEXIUM 지포스 GTX 1660 SUPER NEXIUM II D6 6GB DUAL -> 성공(14개 항목)
[vga] [579/605] pid=122636526 name=COLORFUL iGame 지포스 RTX 5070 ULTRA OC D7 12GB 피씨디렉트 -> 성공(24개 항목)
[vga] [580/605] pid=122637278 name=DRAGON FORCE 지포스 RTX 3050 D6 6GB -> 성공(13개 항목)
[vga] [581/605] pid=122637342 name=액슬 지포스 GT730 클래식 D3 2GB 384Cuda 에즈윈 -> 성공(12개 항목)
[vga] [582/605] pid=122638646 name=벨리온 지포스 RTX3050 BELION 6GB D6 DUAL -> 성공(13개 항목)
[vga] [583/605] pid=122644950 name=COLORFUL iGame 지포스 RTX 5070 Mini OC White D7 12GB 피씨디렉트 -> 성공(20개 항목)
[vga] [584/605] pid=122654946 name=DRAGON FORCE 지포스 GTX1660 SUPER D6 6GB NV -> 성공(13개 항목)
[vga] [585/605] pid=122658701 name=스타링스 지포스 GTX1660 SUPER D6 6GB NV -> 성공(13개 항목)
[vga] [586/605] pid=122663332 name=COLORFUL iGame 지포스 RTX 5070 ULTRA OC D7 12GB 도우정보 -> 성공(24개 항목)
[vga] [587/605] pid=122663438 name=COLORFUL 지포스 RTX 3050 BATTLE AX DUO V2 D6 8GB 도우정보 -> 성공(19개 항목)
[vga] [588/605] pid=122663758 name=COLORFUL iGame 지포스 RTX 5080 VULCAN OC D7 16GB 도우정보 -> 성공(26개 항목)
[vga] [589/605] pid=122663769 name=COLORFUL iGame 지포스 RTX 5070 MINI OC White D7 12GB 도우정보 -> 성공(20개 항목)
[vga] [590/605] pid=122676813 name=MSI RTX 5060 벤투스 2X OC V1 D7 8GB -> 성공(19개 항목)
[vga] [591/605] pid=122686254 name=PNY 지포스 RTX 5080 OC D7 16GB Dual Fan Slim 제이씨현 -> 성공(21개 항목)
[vga] [592/605] pid=122692119 name=COLORFUL iGame 지포스 RTX 5080 ULTRA OC D7 16GB 피씨디렉트 -> 성공(23개 항목)
[vga] [593/605] pid=122692149 name=COLORFUL iGame 지포스 RTX 5070 Ti ULTRA OC SFF D7 16GB 피씨디렉트 -> 성공(26개 항목)
[vga] [594/605] pid=122695605 name=PNY 지포스 RTX 5080 VERTO OC D7 16GB Triple Fan 한성컴퓨터 -> 성공(22개 항목)
[vga] [595/605] pid=122699495 name=MANLI 지포스 RTX 5080 Polar Fox OC V2 D7 16GB 인텍앤컴퍼니 -> 성공(22개 항목)
[vga] [596/605] pid=122700116 name=ASUS PRIME 지포스 RTX 5080 EVO OC D7 16GB 대원씨티에스 -> 성공(22개 항목)
[vga] [597/605] pid=122705634 name=NEXIUM 지포스 RTX 3050 D6 6GB DUAL -> 성공(12개 항목)
[vga] [598/605] pid=122705638 name=ASUS DUAL 지포스 RTX 3050 D6 6GB 대원씨티에스 -> 성공(12개 항목)
[vga] [599/605] pid=122709552 name=COLORFUL iGame 지포스 RTX 5060 ULTRA DUO OC D7 8GB 도우정보 -> 성공(22개 항목)
[vga] [600/605] pid=122709575 name=COLORFUL iGame 지포스 RTX 5060 ULTRA DUO OC White D7 8GB 도우정보 -> 성공(22개 항목)
[vga] [601/605] pid=122709701 name=COLORFUL iGame 지포스 RTX 5060 ULTRA OC D7 8GB 도우정보 -> 성공(22개 항목)
[vga] [602/605] pid=122709734 name=COLORFUL iGame 지포스 RTX 5070 Ti ULTRA OC SFF D7 16GB 도우정보 -> 성공(26개 항목)
[vga] [603/605] pid=122709745 name=COLORFUL iGame 지포스 RTX 5080 ULTRA OC D7 16GB 도우정보 -> 성공(23개 항목)
[vga] [604/605] pid=122714795 name=INNO3D 지포스 RTX 3050 D6 6GB TWIN X2 V2 -> 성공(17개 항목)
[vga] [605/605] pid=122719992 name=ASUS PRIME 지포스 RTX 5080 EVO OC D7 16GB 인텍앤컴퍼니 -> 성공(22개 항목)
[cpu] [1/5] pid=686511 name=인텔 코어2쿼드 Q6600 (켄츠필드) -> 성공(9개 항목) +상세스펙(못찾음)
[cpu] [2/5] pid=1132682 name=인텔 코어i5-1세대 760 (린필드) -> 성공(11개 항목) +상세스펙(못찾음)
[cpu] [3/5] pid=1290175 name=인텔 코어i5-2세대 2500 (샌디브릿지) -> 성공(13개 항목) +상세스펙(못찾음)
[cpu] [4/5] pid=1376125 name=인텔 코어i3-2세대 2100 (샌디브릿지) -> 성공(13개 항목) +상세스펙(못찾음)
[cpu] [5/5] pid=1376231 name=인텔 코어i7-2세대 2600K (샌디브릿지) -> 성공(14개 항목) +상세스펙(못찾음)
[cpu] [1/1] pid=686511 name=인텔 코어2쿼드 Q6600 (켄츠필드) -> 성공(9개 항목) +상세스펙(못찾음)
[cpu] [1/1] pid=686511 name=인텔 코어2쿼드 Q6600 (켄츠필드) -> 성공(9개 항목) +상세스펙(못찾음)
[cpu] [1/1] pid=686511 name=인텔 코어2쿼드 Q6600 (켄츠필드) -> 성공(9개 항목) +상세스펙(못찾음)
[case] [1/1] pid=2932047 name=앱코 NCORE NBOX 탱고 -> 성공(17개 항목) +상세스펙(못찾음)
[case] [1/1] pid=2932047 name=앱코 NCORE NBOX 탱고 -> 성공(17개 항목) +상세스펙(못찾음)
[case] [1/15] pid=2932047 name=앱코 NCORE NBOX 탱고 -> 성공(17개 항목) +상세스펙(못찾음)
[case] [2/15] pid=4033315 name=앱코 NCORE 픽셀 -> 성공(15개 항목) +상세스펙(못찾음)
[case] [3/15] pid=4088685 name=앱코 NCORE 알리 -> 성공(16개 항목) +상세스펙(못찾음)
[case] [4/15] pid=5718431 name=앱코 SUITMASTER 361G 칼리스토 강화유리 DOUBLING -> 성공(24개 항목) +상세스펙(못찾음)
[case] [5/15] pid=8043859 name=앱코 NCORE 언더바 -> 성공(19개 항목) +상세스펙(못찾음)
[case] [6/15] pid=8577818 name=앱코 SUITMASTER 321X 듀얼리티 강화유리 스펙트럼 Dualight -> 성공(24개 항목) +상세스펙(못찾음)
[case] [7/15] pid=9376470 name=darkFlash DLM21 RGB MESH 강화유리 -> 성공(29개 항목) +상세스펙(못찾음)
[case] [8/15] pid=9456939 name=앱코 SUITMASTER 322S 인테이커 강화유리 스펙트럼 Dualight -> 성공(23개 항목) +상세스펙(못찾음)
[case] [9/15] pid=9916125 name=앱코 SUITMASTER 760S 어트랙션 강화유리 스펙트럼 Duplex -> 성공(26개 항목) +상세스펙(못찾음)
[case] [10/15] pid=10487241 name=앱코 NCORE 미라클 강화유리 LUMIA -> 성공(24개 항목) +상세스펙(못찾음)
[case] [11/15] pid=10558761 name=앱코 SUITMASTER TA210 플라즈마 아크릴 LUNAR -> 성공(24개 항목) +상세스펙(못찾음)
[case] [12/15] pid=11626910 name=앱코 NCORE 커넬 강화유리 -> 성공(24개 항목) +상세스펙(못찾음)
[case] [13/15] pid=11884168 name=darkFlash DLX21 RGB MESH 강화유리 -> 성공(25개 항목) +상세스펙(못찾음)
[case] [14/15] pid=12192491 name=darkFlash VB-X 라이저 케이블 지지대 KIT -> 성공(4개 항목) +상세스펙(못찾음)
[case] [15/15] pid=12648995 name=앱코 SUITMASTER AL300M 강화유리 -> 성공(24개 항목) +상세스펙(못찾음)
[case] [1/15] pid=2932047 name=앱코 NCORE NBOX 탱고 -> 성공(17개 항목) +상세스펙(못찾음)
[case] [2/15] pid=4033315 name=앱코 NCORE 픽셀 -> 성공(15개 항목) +상세스펙(못찾음)
[case] [3/15] pid=4088685 name=앱코 NCORE 알리 -> 성공(16개 항목) +상세스펙(못찾음)
[case] [4/15] pid=5718431 name=앱코 SUITMASTER 361G 칼리스토 강화유리 DOUBLING -> 성공(24개 항목) +상세스펙(못찾음)
[case] [5/15] pid=8043859 name=앱코 NCORE 언더바 -> 성공(19개 항목) +상세스펙(못찾음)
[case] [6/15] pid=8577818 name=앱코 SUITMASTER 321X 듀얼리티 강화유리 스펙트럼 Dualight -> 성공(24개 항목) +상세스펙(못찾음)
[case] [7/15] pid=9376470 name=darkFlash DLM21 RGB MESH 강화유리 -> 성공(29개 항목) +상세스펙(못찾음)
[case] [8/15] pid=9456939 name=앱코 SUITMASTER 322S 인테이커 강화유리 스펙트럼 Dualight -> 성공(23개 항목) +상세스펙(못찾음)
[case] [9/15] pid=9916125 name=앱코 SUITMASTER 760S 어트랙션 강화유리 스펙트럼 Duplex -> 성공(26개 항목) +상세스펙(못찾음)
[case] [10/15] pid=10487241 name=앱코 NCORE 미라클 강화유리 LUMIA -> 성공(24개 항목) +상세스펙(못찾음)
[case] [11/15] pid=10558761 name=앱코 SUITMASTER TA210 플라즈마 아크릴 LUNAR -> 성공(24개 항목) +상세스펙(못찾음)
[case] [12/15] pid=11626910 name=앱코 NCORE 커넬 강화유리 -> 성공(24개 항목) +상세스펙(못찾음)
[case] [13/15] pid=11884168 name=darkFlash DLX21 RGB MESH 강화유리 -> 성공(25개 항목) +상세스펙(못찾음)
[case] [14/15] pid=12192491 name=darkFlash VB-X 라이저 케이블 지지대 KIT -> 성공(4개 항목) +상세스펙(못찾음)
[case] [15/15] pid=12648995 name=앱코 SUITMASTER AL300M 강화유리 -> 성공(24개 항목) +상세스펙(못찾음)
[case] [1/30] pid=2932047 name=앱코 NCORE NBOX 탱고 -> 성공(17개 항목) +상세스펙(못찾음)
[case] [2/30] pid=4033315 name=앱코 NCORE 픽셀 -> 성공(15개 항목) +상세스펙(못찾음)
[case] [3/30] pid=4088685 name=앱코 NCORE 알리 -> 성공(16개 항목) +상세스펙(못찾음)
[case] [4/30] pid=5718431 name=앱코 SUITMASTER 361G 칼리스토 강화유리 DOUBLING -> 성공(24개 항목) +상세스펙(못찾음)
[case] [5/30] pid=8043859 name=앱코 NCORE 언더바 -> 성공(19개 항목) +상세스펙(못찾음)
[case] [6/30] pid=8577818 name=앱코 SUITMASTER 321X 듀얼리티 강화유리 스펙트럼 Dualight -> 성공(24개 항목) +상세스펙(못찾음)
[case] [7/30] pid=9376470 name=darkFlash DLM21 RGB MESH 강화유리 -> 성공(29개 항목) +상세스펙(못찾음)
[case] [8/30] pid=9456939 name=앱코 SUITMASTER 322S 인테이커 강화유리 스펙트럼 Dualight -> 성공(23개 항목) +상세스펙(못찾음)
[case] [9/30] pid=9916125 name=앱코 SUITMASTER 760S 어트랙션 강화유리 스펙트럼 Duplex -> 성공(26개 항목) +상세스펙(못찾음)
[case] [10/30] pid=10487241 name=앱코 NCORE 미라클 강화유리 LUMIA -> 성공(24개 항목) +상세스펙(못찾음)
[case] [11/30] pid=10558761 name=앱코 SUITMASTER TA210 플라즈마 아크릴 LUNAR -> 성공(24개 항목) +상세스펙(못찾음)
[case] [12/30] pid=11626910 name=앱코 NCORE 커넬 강화유리 -> 성공(24개 항목) +상세스펙(못찾음)
[case] [13/30] pid=11884168 name=darkFlash DLX21 RGB MESH 강화유리 -> 성공(25개 항목) +상세스펙(못찾음)
[case] [14/30] pid=12192491 name=darkFlash VB-X 라이저 케이블 지지대 KIT -> 성공(4개 항목) +상세스펙(못찾음)
[case] [15/30] pid=12648995 name=앱코 SUITMASTER AL300M 강화유리 -> 성공(24개 항목) +상세스펙(못찾음)
[case] [16/30] pid=12689864 name=앱코 SUITMASTER AL1000 -> 성공(24개 항목) +상세스펙(못찾음)
[case] [17/30] pid=12985601 name=darkFlash DLH21 -> 성공(23개 항목) +상세스펙(못찾음)
[case] [18/30] pid=13381619 name=darkFlash DK200 RGB 강화유리 -> 성공(28개 항목) +상세스펙(못찾음)
[case] [19/30] pid=14799467 name=앱코 PUBG 배틀그라운드 하자드 에디션 -> 성공(22개 항목) +상세스펙(못찾음)
[case] [20/30] pid=15050393 name=앱코 SUITMASTER P1000 강화유리 -> 성공(23개 항목) +상세스펙(못찾음)
[case] [21/30] pid=15063971 name=앱코 NCORE G30 트루포스 -> 성공(23개 항목) +상세스펙(못찾음)
[case] [22/30] pid=15319016 name=앱코 NCORE S10M 사일런티 II -> 성공(20개 항목) +상세스펙(못찾음)
[case] [23/30] pid=15894449 name=앱코 SUITMASTER H2000 스마트 쿨링 -> 성공(21개 항목) +상세스펙(못찾음)
[case] [24/30] pid=16542008 name=darkFlash DK1000 MESH 강화유리 -> 성공(21개 항목) +상세스펙(못찾음)
[case] [25/30] pid=16604054 name=앱코 SUITMASTER V2000 베놈 ARGB -> 성공(26개 항목) +상세스펙(못찾음)
[case] [26/30] pid=16676309 name=darkFlash DK210 그래피티 ARGB 강화유리 -> 성공(25개 항목) +상세스펙(못찾음)
[case] [27/30] pid=16687646 name=앱코 SUITMASTER V3000 베놈 ARGB -> 성공(27개 항목) +상세스펙(못찾음)
[case] [28/30] pid=17525405 name=darkFlash DLX200 MESH RGB 강화유리 -> 성공(26개 항목) +상세스펙(못찾음)
[case] [29/30] pid=17584163 name=darkFlash VB-X 4.0 라이저 케이블 지지대 KIT 215mm -> 성공(4개 항목) +상세스펙(못찾음)
[case] [30/30] pid=17669537 name=darkFlash DF7100 VB-F 4.0 라이저 케이블 지지대 KIT -> 성공(6개 항목) +상세스펙(못찾음)
